movement_id,user_id,trip_id,movement_seq,origin_longitude,origin_latitude,destination_longitude,destination_latitude,origin_time_utc,destination_time_utc,origin_h3_index,destination_h3_index,mode,purpose,user_gender,origin_municipality,destination_municipality,trip_weight,timezone_offset_min,origin_stop_id,household_vehicle_count
m00000,u0092,t00000,0,-70.726988269525,-33.434123248008596,-70.71984480243867,-33.44318511630899,2026-03-05T22:31:00Z,2026-03-05T23:27:00Z,88b2c55555fffff,88b2c55519fffff,ride_hailing,health,other,Estación Central,Las Condes,1.096,-180,STOP_4225,0
m00001,u0050,t00001,0,-70.7664780525131,-33.442380601686416,-70.8068502901764,-33.42355225218118,2026-03-03T02:57:00Z,2026-03-03T04:31:00Z,88b2c55529fffff,88b2c54249fffff,metro,education,female,Las Condes,Maipú,3.028,-180,STOP_3746,1
m00002,u0038,t00002,0,-70.76247208526274,-33.56922737646456,-70.73311489083598,-33.52517644150596,2026-03-06T00:55:00Z,2026-03-06T02:40:00Z,88b2c5456bfffff,88b2c5470dfffff,metro,shopping,other,Pudahuel,Las Condes,1.169,-180,STOP_3005,1
m00003,u0078,t00003,0,-70.68823181755903,-33.5073553043656,-70.64426244768674,-33.51773681519726,2026-03-02T14:54:00Z,2026-03-02T15:54:00Z,88b2c54661fffff,88b2c54657fffff,other,transfer,other,Santiago,Pudahuel,3.929,-180,STOP_4896,0
m00004,u0025,t00004,0,-70.78251568831885,-33.48412930279412,-70.74917785036068,-33.45149627120578,2026-03-01T13:23:00Z,2026-03-01T14:48:00Z,88b2c542e3fffff,88b2c5553dfffff,scooter,errand,unknown,Ñuñoa,Quilicura,0.517,-180,STOP_4063,1
m00005,u0035,t00005,0,-70.758661077387,-33.36905136501038,-70.72552272640853,-33.348413336802125,2026-03-04T10:43:00Z,2026-03-04T11:04:00Z,88b2c552b1fffff,88b2c552d3fffff,train,health,other,San Miguel,Providencia,3.461,-180,STOP_4095,0
m00006,u0121,t00006,0,-70.66657420519276,-33.418777915623394,-70.68936007364661,-33.40506136173333,2026-03-07T00:17:00Z,2026-03-07T02:07:00Z,88b2c55455fffff,88b2c55713fffff,train,other,other,Las Condes,Pudahuel,4.792,-180,STOP_2238,2
m00007,u0063,t00007,0,-70.47207296566629,-33.37297059307493,-70.37703837305824,-33.47405088803899,2026-03-07T21:07:00Z,2026-03-07T22:39:00Z,88b2c518c9fffff,88b2c50199fffff,other,education,male,Pudahuel,Maipú,3.225,-180,STOP_0034,1
m00008,u0030,t00008,0,-70.67824513056944,-33.51093631657603,-70.69256868582163,-33.527015449070696,2026-03-05T19:49:00Z,2026-03-05T21:16:00Z,88b2c54663fffff,88b2c5462dfffff,car,home,female,Maipú,Puente Alto,1.944,-180,STOP_2450,2
m00009,u0099,t00009,0,-70.56623873736838,-33.60313042458432,-70.5580268727373,-33.64255812204298,2026-03-07T04:14:00Z,2026-03-07T06:07:00Z,88b2c5731dfffff,88b2c5702bfffff,taxi,transfer,unknown,La Florida,Ñuñoa,3.734,-180,STOP_2986,1
m00010,u0055,t00010,0,-70.66963090107099,-33.472347636739116,-70.6763886051182,-33.49177863568912,2026-03-02T06:30:00Z,2026-03-02T07:37:00Z,88b2c554adfffff,88b2c55593fffff,bus,education,male,Maipú,Santiago,3.002,-180,STOP_3668,2
m00011,u0147,t00011,0,-70.63438177887407,-33.479493430522965,-70.64512857255465,-33.4872606958797,2026-03-03T07:08:00Z,2026-03-03T07:41:00Z,88b2c554b9fffff,88b2c554b5fffff,taxi,leisure,unknown,Ñuñoa,Santiago,1.153,-180,STOP_3134,3
m00012,u0132,t00012,0,-70.7363054554982,-33.40266785396306,-70.76367545540285,-33.410370184211004,2026-03-03T01:18:00Z,2026-03-03T02:56:00Z,88b2c55721fffff,88b2c55091fffff,ride_hailing,shopping,female,Maipú,Puente Alto,4.58,-180,STOP_2452,3
m00013,u0104,t00013,0,-70.50768140408636,-33.336414873328174,-70.48433564491575,-33.33983459938428,2026-03-03T11:40:00Z,2026-03-03T11:54:00Z,88b2c5184bfffff,88b2c51ae5fffff,taxi,home,unknown,Maipú,La Florida,2.809,-180,STOP_1513,3
m00014,u0121,t00014,0,-70.66961950135439,-33.419066186414994,-70.61255851258846,-33.46386795230142,2026-03-03T19:32:00Z,2026-03-03T20:42:00Z,88b2c55409fffff,88b2c554d3fffff,train,other,female,Quilicura,Vitacura,1.42,-180,STOP_2717,2
m00015,u0006,t00015,0,-70.65807200248645,-33.49220881651902,-70.67317291485399,-33.46427119279339,2026-03-05T05:27:00Z,2026-03-05T05:42:00Z,88b2c54649fffff,88b2c555d9fffff,bus,health,other,Maipú,Independencia,2.963,-180,STOP_2037,0
m00016,u0065,t00016,0,-70.54953519885235,-33.40403765367999,-70.56389492987726,-33.423893776144524,2026-03-05T00:45:00Z,2026-03-05T01:21:00Z,88b2c5198dfffff,88b2c519a3fffff,walk,work,female,Vitacura,Estación Central,3.261,-180,STOP_1880,3
m00017,u0103,t00017,0,-70.67250015232918,-33.53404555971866,-70.64054497238438,-33.554808196721716,2026-03-03T11:27:00Z,2026-03-03T12:13:00Z,88b2c5463dfffff,88b2c546e3fffff,other,health,female,Quilicura,Quilicura,2.351,-180,STOP_3813,3
m00018,u0088,t00018,0,-70.7306351172682,-33.560909655021746,-70.8041475196194,-33.570006486767,2026-03-05T02:36:00Z,2026-03-05T04:03:00Z,88b2c54559fffff,88b2c540b7fffff,train,errand,female,La Florida,Puente Alto,1.777,-180,STOP_1632,1
m00019,u0114,t00019,0,-70.60782544070369,-33.51059891179623,-70.55715154514014,-33.46189635949748,2026-03-01T08:54:00Z,2026-03-01T10:03:00Z,88b2c50905fffff,88b2c50b1dfffff,bicycle,home,unknown,Maipú,Pudahuel,3.841,-180,STOP_0551,1
m00020,u0047,t00020,0,-70.65054895939937,-33.524240425113234,-70.58728071734875,-33.549875832492624,2026-03-01T13:19:00Z,2026-03-01T14:03:00Z,88b2c5461dfffff,88b2c509adfffff,train,transfer,unknown,Estación Central,Providencia,4.015,-180,STOP_3599,3
m00021,u0073,t00021,0,-70.69041153130419,-33.44088023701159,-70.69731663720493,-33.44361293135386,2026-03-06T07:21:00Z,2026-03-06T08:55:00Z,88b2c5542bfffff,88b2c55423fffff,bicycle,shopping,other,Vitacura,San Miguel,4.323,-180,STOP_4433,3
m00022,u0111,t00022,0,-70.61641897818569,-33.3351364569352,-70.59585950922137,-33.37049427325975,2026-03-04T21:02:00Z,2026-03-04T22:31:00Z,88b2c5cc83fffff,88b2c51905fffff,ride_hailing,transfer,unknown,La Florida,Quilicura,3.114,-180,STOP_1484,3
m00023,u0097,t00023,0,-70.67215711899817,-33.43875972865919,-70.72561867053363,-33.406245704989296,2026-03-03T23:16:00Z,2026-03-04T01:07:00Z,88b2c55439fffff,88b2c5573dfffff,taxi,shopping,female,Providencia,Recoleta,2.148,-180,STOP_0929,0
m00024,u0069,t00024,0,-70.78805142312372,-33.63931423070651,-70.78447207889654,-33.63047746944209,2026-03-02T04:52:00Z,2026-03-02T05:36:00Z,88b2c54e87fffff,88b2c54e81fffff,taxi,education,unknown,Vitacura,Quilicura,3.709,-180,STOP_3380,1
m00025,u0090,t00025,0,-70.71642537491931,-33.43491654065997,-70.69674181179255,-33.42159024145317,2026-03-04T01:21:00Z,2026-03-04T02:37:00Z,88b2c55553fffff,88b2c55461fffff,motorcycle,errand,female,San Miguel,La Florida,4.053,-180,STOP_3594,1
m00026,u0135,t00026,0,-70.60880459708328,-33.46599494170949,-70.59235555630417,-33.440289030631305,2026-03-04T13:26:00Z,2026-03-04T13:39:00Z,88b2c554d3fffff,88b2c50b6dfffff,motorcycle,home,unknown,Las Condes,Providencia,2.031,-180,STOP_4926,1
m00027,u0082,t00027,0,-70.71777555364997,-33.490293791453404,-70.70002629351298,-33.39647561557071,2026-03-03T22:33:00Z,2026-03-03T22:49:00Z,88b2c555abfffff,88b2c5571dfffff,bicycle,transfer,male,Recoleta,Pudahuel,1.776,-180,STOP_1902,2
m00028,u0003,t00028,0,-70.57332532670034,-33.472981738596246,-70.55071295591644,-33.4459836121869,2026-03-02T13:28:00Z,2026-03-02T14:41:00Z,88b2c50b3dfffff,88b2c50b51fffff,bicycle,work,male,La Florida,Maipú,4.703,-180,STOP_3232,2
m00029,u0090,t00029,0,-70.63522893535011,-33.424937870288524,-70.59960661702492,-33.401613515000854,2026-03-04T06:19:00Z,2026-03-04T08:18:00Z,88b2c556adfffff,88b2c556c3fffff,taxi,errand,female,La Florida,San Miguel,2.99,-180,STOP_1657,2
m00030,u0023,t00030,0,-70.62825050498068,-33.41753714010922,-70.628271157062,-33.444811314272954,2026-03-02T19:27:00Z,2026-03-02T21:00:00Z,88b2c556e3fffff,88b2c554cbfffff,train,transfer,male,Providencia,Maipú,1.625,-180,STOP_0072,0
m00031,u0137,t00031,0,-70.70318954891967,-33.5145647914945,-70.70009331552583,-33.52165286385176,2026-03-06T11:32:00Z,2026-03-06T12:39:00Z,88b2c54759fffff,88b2c54753fffff,walk,health,unknown,Puente Alto,La Florida,2.966,-180,STOP_4783,2
m00032,u0083,t00032,0,-70.75761427750871,-33.43085624999653,-70.76265973335597,-33.49148666671323,2026-03-06T06:12:00Z,2026-03-06T06:42:00Z,88b2c5556bfffff,88b2c5428bfffff,other,education,other,Pudahuel,Las Condes,2.013,-180,STOP_0551,2
m00033,u0020,t00033,0,-70.94297351023037,-33.48779629959204,-70.984069820542,-33.520480340276215,2026-03-05T22:00:00Z,2026-03-05T22:40:00Z,88b2c558b9fffff,88b2c54a63fffff,other,other,male,Ñuñoa,Maipú,1.561,-180,STOP_0401,1
m00034,u0009,t00034,0,-70.56092481310294,-33.522869756234826,-70.49861932248297,-33.47569897043281,2026-03-02T05:41:00Z,2026-03-02T05:58:00Z,88b2c509cdfffff,88b2c50ae5fffff,walk,shopping,female,Pudahuel,Ñuñoa,4.599,-180,STOP_3414,3
m00035,u0032,t00035,0,-70.56440222258313,-33.4609278379349,-70.46240102138502,-33.459655701290394,2026-03-04T08:35:00Z,2026-03-04T09:22:00Z,88b2c50b03fffff,88b2c50ac9fffff,scooter,health,female,Pudahuel,Recoleta,3.093,-180,STOP_2337,0
m00036,u0038,t00036,0,-70.50501732434381,-33.49484222920065,-70.56634751919988,-33.537109872607935,2026-03-05T11:31:00Z,2026-03-05T12:30:00Z,88b2c50853fffff,88b2c509ebfffff,car,leisure,unknown,Pudahuel,San Miguel,2.947,-180,STOP_4231,0
m00037,u0090,t00037,0,-70.72738448034104,-33.63012388820951,-70.7518636190167,-33.641444020447544,2026-03-01T19:42:00Z,2026-03-01T19:59:00Z,88b2c545abfffff,88b2c54e9bfffff,ride_hailing,education,other,Ñuñoa,San Miguel,1.759,-180,STOP_2902,0
m00038,u0115,t00038,0,-70.70117742384284,-33.48302113413784,-70.71303254905054,-33.45021507695384,2026-03-06T14:40:00Z,2026-03-06T15:40:00Z,88b2c55581fffff,88b2c5551bfffff,metro,shopping,unknown,Las Condes,Quilicura,3.124,-180,STOP_4827,3
m00039,u0100,t00039,0,-70.65895616530511,-33.50516334963383,-70.697903083263,-33.515154134141895,2026-03-05T01:47:00Z,2026-03-05T02:32:00Z,88b2c54643fffff,88b2c5475bfffff,ride_hailing,leisure,male,Vitacura,San Miguel,2.662,-180,STOP_4899,3
m00040,u0009,t00040,0,-70.64889078535559,-33.44573312833118,-70.64163595979943,-33.41985827283801,2026-03-06T23:04:00Z,2026-03-06T23:38:00Z,88b2c55413fffff,88b2c5545bfffff,train,shopping,male,Vitacura,Ñuñoa,0.521,-180,STOP_1977,1
m00041,u0024,t00041,0,-70.74137719865602,-33.4190628928455,-70.7047851080599,-33.39317374782633,2026-03-06T02:33:00Z,2026-03-06T03:29:00Z,88b2c55541fffff,88b2c5571dfffff,bicycle,home,male,Maipú,Pudahuel,1.657,-180,STOP_0016,0
m00042,u0059,t00042,0,-70.68591045037184,-33.4986073305177,-70.6937238388854,-33.47399218327536,2026-03-01T21:27:00Z,2026-03-01T21:58:00Z,88b2c55597fffff,88b2c5558bfffff,metro,work,other,La Florida,San Miguel,3.76,-180,STOP_0080,2
m00043,u0024,t00043,0,-70.68902491637803,-33.481031100964074,-70.73754523865121,-33.49313097687483,2026-03-03T04:26:00Z,2026-03-03T06:07:00Z,88b2c5559dfffff,88b2c555a5fffff,train,leisure,unknown,Ñuñoa,La Florida,0.701,-180,STOP_0121,0
m00044,u0149,t00044,0,-70.65925957846558,-33.44143356099806,-70.6500777446745,-33.4756942859876,2026-03-06T23:28:00Z,2026-03-06T23:44:00Z,88b2c55411fffff,88b2c554abfffff,bus,shopping,female,Independencia,Independencia,1.787,-180,STOP_3946,3
m00045,u0149,t00045,0,-70.52212810707086,-33.48160658432181,-70.45913956516229,-33.46593514851474,2026-03-03T01:28:00Z,2026-03-03T02:26:00Z,88b2c50843fffff,88b2c50ac1fffff,bicycle,other,other,San Miguel,Vitacura,3.528,-180,STOP_1278,2
m00046,u0145,t00046,0,-70.73857604553895,-33.39820205310232,-70.71105322127742,-33.36215949693565,2026-03-05T15:12:00Z,2026-03-05T16:28:00Z,88b2c55721fffff,88b2c55749fffff,train,health,female,La Florida,Estación Central,3.962,-180,STOP_0661,1
m00047,u0034,t00047,0,-70.64373417653808,-33.37511278444159,-70.7088526924979,-33.33148680132587,2026-03-03T06:34:00Z,2026-03-03T06:46:00Z,88b2c55609fffff,88b2c5cde1fffff,taxi,shopping,unknown,San Miguel,Maipú,4.968,-180,STOP_2512,3
m00048,u0133,t00048,0,-70.72761399779701,-33.454236323171145,-70.81903384833869,-33.44818040759562,2026-03-05T09:36:00Z,2026-03-05T10:22:00Z,88b2c55517fffff,88b2c5420dfffff,motorcycle,home,other,Independencia,Estación Central,1.524,-180,STOP_1057,3
m00049,u0081,t00049,0,-70.72479565610247,-33.44647442911231,-70.7168557623197,-33.454404918381215,2026-03-06T06:54:00Z,2026-03-06T07:02:00Z,88b2c5551dfffff,88b2c55513fffff,taxi,transfer,other,Quilicura,La Florida,3.998,-180,STOP_0527,3
m00050,u0050,t00050,0,-70.72539814397894,-33.3387354350583,-70.67808451218669,-33.35157697856868,2026-03-05T14:13:00Z,2026-03-05T14:35:00Z,88b2c552dbfffff,88b2c5cd95fffff,bicycle,home,unknown,Ñuñoa,Santiago,4.516,-180,STOP_3841,2
m00051,u0078,t00051,0,-70.58257158452567,-33.464892093133166,-70.57955959473232,-33.4724582940348,2026-03-07T01:45:00Z,2026-03-07T03:02:00Z,88b2c50b2bfffff,88b2c50b3dfffff,car,transfer,other,San Miguel,San Miguel,0.759,-180,STOP_2000,3
m00052,u0064,t00052,0,-70.55171625838362,-33.41133780020708,-70.50532021827166,-33.430451672660745,2026-03-05T13:21:00Z,2026-03-05T14:50:00Z,88b2c51985fffff,88b2c50a47fffff,taxi,work,unknown,San Miguel,Providencia,3.439,-180,STOP_4029,0
m00053,u0007,t00053,0,-70.64502839681995,-33.50666368159577,-70.71012324577926,-33.49869901670053,2026-03-05T14:53:00Z,2026-03-05T16:12:00Z,88b2c5465dfffff,88b2c555b5fffff,ride_hailing,leisure,other,Pudahuel,Recoleta,4.718,-180,STOP_3635,0
m00054,u0095,t00054,0,-70.4888810250341,-33.50914637828566,-70.48885215968349,-33.53891350567014,2026-03-01T21:15:00Z,2026-03-01T23:04:00Z,88b2c508c9fffff,88b2c50883fffff,metro,health,female,Pudahuel,Providencia,0.619,-180,STOP_3204,2
m00055,u0042,t00055,0,-70.66017400601403,-33.368452511504564,-70.63623392099164,-33.37782597890544,2026-03-01T09:44:00Z,2026-03-01T10:27:00Z,88b2c5566bfffff,88b2c5560bfffff,train,home,female,San Miguel,Vitacura,0.643,-180,STOP_4944,2
m00056,u0044,t00056,0,-70.76759762418857,-33.56214329613288,-70.82707788594195,-33.52167998817155,2026-03-01T17:00:00Z,2026-03-01T18:42:00Z,88b2c54545fffff,88b2c5403bfffff,bus,education,unknown,San Miguel,San Miguel,1.664,-180,STOP_2018,3
m00057,u0005,t00057,0,-70.78543152418098,-33.4998319383533,-70.80658967409992,-33.5319263272091,2026-03-02T10:56:00Z,2026-03-02T11:54:00Z,88b2c542abfffff,88b2c540ebfffff,other,education,unknown,Recoleta,La Florida,3.893,-180,STOP_1649,1
m00058,u0071,t00058,0,-70.62821955447127,-33.46527980531806,-70.64372266703617,-33.50283107126862,2026-03-06T01:59:00Z,2026-03-06T03:10:00Z,88b2c5548bfffff,88b2c5465dfffff,car,other,female,Vitacura,Independencia,4.187,-180,STOP_4204,0
m00059,u0148,t00059,0,-70.7963786802539,-33.49667251250823,-70.7812247397184,-33.46694320733633,2026-03-02T11:47:00Z,2026-03-02T12:50:00Z,88b2c542adfffff,88b2c54213fffff,train,leisure,unknown,Independencia,Providencia,4.3,-180,STOP_3154,3
m00060,u0092,t00060,0,-70.76065285323885,-33.35957187276753,-70.77277786255667,-33.333744718441515,2026-03-04T08:51:00Z,2026-03-04T09:49:00Z,88b2c55287fffff,88b2c552e9fffff,bicycle,home,unknown,Las Condes,La Florida,1.093,-180,STOP_3225,3
m00061,u0094,t00061,0,-70.6444183764229,-33.442739068025155,-70.61592175610818,-33.379484449665036,2026-03-04T21:01:00Z,2026-03-04T21:52:00Z,88b2c554cdfffff,88b2c51925fffff,scooter,leisure,unknown,Pudahuel,Las Condes,1.853,-180,STOP_2546,2
m00062,u0040,t00062,0,-70.72381982341498,-33.54257206104062,-70.71921142783106,-33.54911575375859,2026-03-03T14:42:00Z,2026-03-03T15:58:00Z,88b2c54739fffff,88b2c5473bfffff,train,shopping,other,Maipú,Vitacura,2.041,-180,STOP_0548,0
m00063,u0141,t00063,0,-70.82440423986613,-33.38134541473709,-70.79792492698036,-33.355144887778195,2026-03-03T12:47:00Z,2026-03-03T12:53:00Z,88b2c55031fffff,88b2c55051fffff,train,errand,unknown,Estación Central,Providencia,4.753,-180,STOP_4757,1
m00064,u0062,t00064,0,-70.53161583298466,-33.458948243314346,-70.52821502697849,-33.49612712995723,2026-03-07T09:34:00Z,2026-03-07T10:38:00Z,88b2c50a25fffff,88b2c50801fffff,other,education,unknown,San Miguel,Santiago,1.947,-180,STOP_1890,3
m00065,u0119,t00065,0,-70.60865665077594,-33.532826137001884,-70.59113642874878,-33.52187825861307,2026-03-05T00:42:00Z,2026-03-05T01:28:00Z,88b2c50935fffff,88b2c50939fffff,walk,shopping,other,San Miguel,Las Condes,4.373,-180,STOP_2516,1
m00066,u0148,t00066,0,-70.70424786896436,-33.57769075550991,-70.6856181105865,-33.61793106634582,2026-03-06T11:43:00Z,2026-03-06T13:22:00Z,88b2c5442bfffff,88b2c544a5fffff,car,errand,other,Maipú,Independencia,4.673,-180,STOP_2031,2
m00067,u0064,t00067,0,-70.4858595774109,-33.42416954778683,-70.42655085476137,-33.41270776991675,2026-03-05T00:05:00Z,2026-03-05T01:17:00Z,88b2c518b7fffff,88b2c5014bfffff,ride_hailing,work,female,Recoleta,Recoleta,4.65,-180,STOP_0683,0
m00068,u0086,t00068,0,-70.6724852767436,-33.500831247466614,-70.78908988625909,-33.559102618352306,2026-03-02T21:52:00Z,2026-03-02T23:43:00Z,88b2c54645fffff,88b2c540bbfffff,taxi,work,male,Vitacura,Pudahuel,1.985,-180,STOP_3112,0
m00069,u0111,t00069,0,-70.44608184603098,-33.4676619353927,-70.4464907875599,-33.45328079956543,2026-03-01T06:16:00Z,2026-03-01T07:49:00Z,88b2c50addfffff,88b2c50135fffff,bus,transfer,male,Recoleta,Providencia,3.39,-180,STOP_0847,3
m00070,u0089,t00070,0,-70.64734393570593,-33.36536487302708,-70.71620299236481,-33.396645666595646,2026-03-04T05:06:00Z,2026-03-04T07:01:00Z,88b2c55647fffff,88b2c55707fffff,bicycle,work,male,La Florida,Pudahuel,0.502,-180,STOP_3282,2
m00071,u0106,t00071,0,-70.53559691678956,-33.550205299021286,-70.50837331285975,-33.575356819389505,2026-03-05T18:48:00Z,2026-03-05T20:02:00Z,88b2c50999fffff,88b2c57255fffff,metro,other,other,Las Condes,Vitacura,1.709,-180,STOP_1218,1
m00072,u0060,t00072,0,-70.79162323853541,-33.45334372978275,-70.7966356733258,-33.4335979604602,2026-03-07T05:38:00Z,2026-03-07T07:19:00Z,88b2c5421dfffff,88b2c5424bfffff,bus,education,other,Ñuñoa,Ñuñoa,0.998,-180,STOP_0455,1
m00073,u0050,t00073,0,-70.62398139043964,-33.295994895159346,-70.67863785627293,-33.30100828339011,2026-03-06T08:51:00Z,2026-03-06T10:31:00Z,88b2c5cea7fffff,88b2c5cc2bfffff,bus,education,other,Maipú,Estación Central,1.73,-180,STOP_4809,2
m00074,u0046,t00074,0,-70.82355217662817,-33.531217696498864,-70.79817767708606,-33.488975398621264,2026-03-03T13:09:00Z,2026-03-03T14:44:00Z,88b2c540e5fffff,88b2c542e7fffff,walk,health,female,Providencia,Las Condes,4.126,-180,STOP_3765,1
m00075,u0013,t00075,0,-70.69815407315585,-33.29927273012934,-70.6858628808084,-33.28747923553406,2026-03-03T00:26:00Z,2026-03-03T01:25:00Z,88b2c5cc25fffff,88b2c5cc67fffff,bicycle,errand,other,Recoleta,Puente Alto,3.747,-180,STOP_3445,0
m00076,u0043,t00076,0,-70.5835248949386,-33.45235763809157,-70.55762216389358,-33.46142526016218,2026-03-06T03:31:00Z,2026-03-06T04:49:00Z,88b2c50b63fffff,88b2c50b1dfffff,bus,work,unknown,Puente Alto,Puente Alto,2.288,-180,STOP_2879,1
m00077,u0087,t00077,0,-70.62893288917185,-33.48592399175993,-70.63730180684865,-33.49891994943003,2026-03-03T18:08:00Z,2026-03-03T19:58:00Z,88b2c554bbfffff,88b2c54659fffff,car,home,unknown,Recoleta,Vitacura,2.811,-180,STOP_1060,3
m00078,u0009,t00078,0,-70.63737504271374,-33.28569034094021,-70.61811938758109,-33.23549511609578,2026-03-03T12:54:00Z,2026-03-03T13:10:00Z,88b2c5cc53fffff,88b2c5ce57fffff,taxi,shopping,unknown,San Miguel,Santiago,3.659,-180,STOP_4535,1
m00079,u0060,t00079,0,-70.62006674117428,-33.38299615861877,-70.59523279231827,-33.39108482149149,2026-03-07T11:06:00Z,2026-03-07T11:27:00Z,88b2c5561bfffff,88b2c51935fffff,taxi,home,unknown,Independencia,Puente Alto,1.59,-180,STOP_2300,2
m00080,u0102,t00080,0,-70.52460807023195,-33.66955533725512,-70.46257509913579,-33.681206174661,2026-03-05T01:40:00Z,2026-03-05T03:02:00Z,88b2c570e7fffff,88b2c57727fffff,bus,shopping,unknown,Quilicura,La Florida,3.997,-180,STOP_4475,0
m00081,u0075,t00081,0,-70.62030567723748,-33.3339277732119,-70.58250104489629,-33.32696230736931,2026-03-01T11:49:00Z,2026-03-01T12:18:00Z,88b2c5cc83fffff,88b2c51b21fffff,bicycle,home,other,Vitacura,San Miguel,0.557,-180,STOP_4084,3
m00082,u0022,t00082,0,-70.60273462270469,-33.448525656298834,-70.564865742109,-33.425560575626506,2026-03-07T16:31:00Z,2026-03-07T17:39:00Z,88b2c50b65fffff,88b2c519a3fffff,car,transfer,unknown,Recoleta,Ñuñoa,4.171,-180,STOP_1666,0
m00083,u0080,t00083,0,-70.57442809854193,-33.44346087427604,-70.54725077681863,-33.41353728524516,2026-03-02T13:25:00Z,2026-03-02T14:10:00Z,88b2c50b47fffff,88b2c51987fffff,metro,health,other,Estación Central,San Miguel,2.265,-180,STOP_1956,0
m00084,u0056,t00084,0,-70.68147091719014,-33.48862336426229,-70.70675339258257,-33.492006909630774,2026-03-04T11:02:00Z,2026-03-04T11:18:00Z,88b2c55591fffff,88b2c555bdfffff,train,health,male,Las Condes,San Miguel,0.871,-180,STOP_4421,0
m00085,u0077,t00085,0,-70.67064651302402,-33.49028247115192,-70.7116747621413,-33.438050803319356,2026-03-04T23:01:00Z,2026-03-04T23:51:00Z,88b2c5559bfffff,88b2c55553fffff,bus,errand,unknown,Independencia,Providencia,3.475,-180,STOP_0222,1
m00086,u0049,t00086,0,-70.6408728343643,-33.44427041383298,-70.62593244168832,-33.48024331340498,2026-03-05T03:16:00Z,2026-03-05T03:52:00Z,88b2c554cdfffff,88b2c55495fffff,scooter,shopping,female,Recoleta,Pudahuel,4.826,-180,STOP_1522,3
m00087,u0036,t00087,0,-70.65106054834851,-33.47890439682909,-70.63923139636267,-33.487134140875995,2026-03-02T16:17:00Z,2026-03-02T18:04:00Z,88b2c554abfffff,88b2c554b1fffff,metro,leisure,unknown,Vitacura,Maipú,2.07,-180,STOP_0144,0
m00088,u0031,t00088,0,-70.6145592222106,-33.405430860324074,-70.64671958946286,-33.43247519765012,2026-03-01T18:56:00Z,2026-03-01T20:45:00Z,88b2c556c7fffff,88b2c556a5fffff,motorcycle,education,unknown,Las Condes,Providencia,0.57,-180,STOP_0304,3
m00089,u0037,t00089,0,-70.79243158574182,-33.56044780323698,-70.81792675154904,-33.56493842316996,2026-03-08T01:04:00Z,2026-03-08T02:43:00Z,88b2c540bbfffff,88b2c54e49fffff,taxi,health,other,Pudahuel,Estación Central,2.68,-180,STOP_2170,0
m00090,u0035,t00090,0,-70.45678863477798,-33.524684925159164,-70.4181541479392,-33.563388436774915,2026-03-05T23:58:00Z,2026-03-06T01:55:00Z,88b2c508dbfffff,88b2c50d5bfffff,bicycle,shopping,unknown,San Miguel,Recoleta,2.764,-180,STOP_2367,1
m00091,u0052,t00091,0,-70.6294411965367,-33.46355092697692,-70.66816504819424,-33.44596238954,2026-03-06T00:52:00Z,2026-03-06T02:04:00Z,88b2c55489fffff,88b2c5543bfffff,other,health,male,Santiago,Santiago,3.08,-180,STOP_0303,3
m00092,u0010,t00092,0,-70.61240154266423,-33.412021476574175,-70.5599855669717,-33.403375509027775,2026-03-01T11:27:00Z,2026-03-01T12:29:00Z,88b2c5568dfffff,88b2c519e3fffff,other,transfer,other,Quilicura,San Miguel,4.12,-180,STOP_3197,1
m00093,u0055,t00093,0,-70.73221955396532,-33.42098636054072,-70.73327200262722,-33.42771948595721,2026-03-08T02:55:00Z,2026-03-08T04:47:00Z,88b2c5554bfffff,88b2c55543fffff,bicycle,transfer,unknown,La Florida,San Miguel,2.602,-180,STOP_1329,0
m00094,u0010,t00094,0,-70.63285783740912,-33.492492216644024,-70.67630389819618,-33.50652922500291,2026-03-07T00:36:00Z,2026-03-07T01:00:00Z,88b2c554b3fffff,88b2c5466bfffff,walk,home,female,Recoleta,Ñuñoa,0.874,-180,STOP_0425,1
m00095,u0037,t00095,0,-70.74661874797057,-33.41915640915554,-70.74298692257028,-33.39320853225122,2026-03-01T08:32:00Z,2026-03-01T08:37:00Z,88b2c55545fffff,88b2c5572dfffff,ride_hailing,leisure,other,Maipú,Ñuñoa,4.12,-180,STOP_0426,0
m00096,u0124,t00096,0,-70.67731535051743,-33.38191806268989,-70.64721352663715,-33.399379293431515,2026-03-04T08:54:00Z,2026-03-04T10:48:00Z,88b2c5562dfffff,88b2c55631fffff,bus,shopping,female,Pudahuel,Independencia,0.951,-180,STOP_0246,1
m00097,u0106,t00097,0,-70.77440521673627,-33.573345035962305,-70.74264843652766,-33.60282064750681,2026-03-07T17:33:00Z,2026-03-07T19:30:00Z,88b2c54563fffff,88b2c545edfffff,walk,errand,male,Recoleta,Vitacura,3.41,-180,STOP_3923,2
m00098,u0126,t00098,0,-70.64890415794179,-33.412833777515104,-70.67482432384524,-33.425567246585025,2026-03-07T01:16:00Z,2026-03-07T01:38:00Z,88b2c55459fffff,88b2c55409fffff,bicycle,transfer,unknown,La Florida,Providencia,1.716,-180,STOP_4782,1
m00099,u0031,t00099,0,-70.50851663254363,-33.38877049630219,-70.48989832753767,-33.36625728478683,2026-03-01T21:18:00Z,2026-03-01T23:04:00Z,88b2c518e5fffff,88b2c5181bfffff,ride_hailing,education,unknown,Puente Alto,Maipú,2.661,-180,STOP_4416,2
m00100,u0040,t00100,0,-70.76379080019412,-33.39201135389019,-70.78631576453232,-33.36571737121575,2026-03-07T18:59:00Z,2026-03-07T19:49:00Z,88b2c550d1fffff,88b2c552a5fffff,motorcycle,leisure,other,Ñuñoa,Pudahuel,3.967,-180,STOP_2572,2
m00101,u0080,t00101,0,-70.69019196213523,-33.432125972986114,-70.7060122527378,-33.4551439199906,2026-03-02T16:39:00Z,2026-03-02T16:56:00Z,88b2c55405fffff,88b2c555cdfffff,scooter,other,male,Santiago,Pudahuel,2.022,-180,STOP_1755,0
m00102,u0047,t00102,0,-70.47633787882752,-33.285191117192525,-70.43025514859148,-33.247482264985614,2026-03-06T23:42:00Z,2026-03-07T00:09:00Z,88b2c51a4bfffff,88b2c5c4dbfffff,ride_hailing,education,male,Independencia,Las Condes,1.471,-180,STOP_0917,2
m00103,u0070,t00103,0,-70.42772278903227,-33.379378981731946,-70.41509266735567,-33.33348703930351,2026-03-06T00:03:00Z,2026-03-06T01:13:00Z,88b2c50363fffff,88b2c51adbfffff,car,other,unknown,Vitacura,Santiago,0.999,-180,STOP_1732,3
m00104,u0098,t00104,0,-70.65480187338603,-33.492425910218934,-70.6644679125652,-33.46364726092027,2026-03-01T19:58:00Z,2026-03-01T21:33:00Z,88b2c54649fffff,88b2c554e7fffff,train,errand,male,Puente Alto,Vitacura,3.303,-180,STOP_1626,1
m00105,u0144,t00105,0,-70.67176842851539,-33.58452829960319,-70.723454165866,-33.569465633623686,2026-03-03T16:20:00Z,2026-03-03T18:05:00Z,88b2c54417fffff,88b2c5455bfffff,other,education,female,Ñuñoa,Maipú,0.833,-180,STOP_3112,1
m00106,u0056,t00106,0,-70.67291959708753,-33.60414786799634,-70.64720187748678,-33.58519877042324,2026-03-05T17:11:00Z,2026-03-05T19:09:00Z,88b2c544e7fffff,88b2c544c1fffff,scooter,errand,other,Quilicura,Las Condes,3.493,-180,STOP_0788,3
m00107,u0128,t00107,0,-70.55748711961584,-33.408472081706826,-70.46357369566985,-33.42676398695589,2026-03-07T06:15:00Z,2026-03-07T07:37:00Z,88b2c51985fffff,88b2c50165fffff,motorcycle,education,male,Las Condes,Pudahuel,2.497,-180,STOP_4713,0
m00108,u0033,t00108,0,-70.6354004502921,-33.28943401935924,-70.68257327082112,-33.27051840565192,2026-03-04T01:18:00Z,2026-03-04T02:52:00Z,88b2c5cc19fffff,88b2c5cc69fffff,train,work,other,Maipú,Puente Alto,1.673,-180,STOP_0236,2
m00109,u0127,t00109,0,-70.57988946697895,-33.476347763377774,-70.63051069036919,-33.482960330151286,2026-03-08T02:03:00Z,2026-03-08T02:59:00Z,88b2c50b35fffff,88b2c554b9fffff,train,errand,male,Independencia,Pudahuel,2.047,-180,STOP_4931,2
m00110,u0079,t00110,0,-70.73732396908132,-33.47042823471529,-70.80075524001168,-33.483940699435486,2026-03-06T07:32:00Z,2026-03-06T08:34:00Z,88b2c555e5fffff,88b2c542e5fffff,other,home,female,Independencia,Recoleta,2.106,-180,STOP_1702,1
m00111,u0029,t00111,0,-70.58476292616649,-33.46469084625952,-70.62736812309245,-33.45657538916866,2026-03-01T18:12:00Z,2026-03-01T18:40:00Z,88b2c50b2bfffff,88b2c554c3fffff,bus,errand,female,Pudahuel,Puente Alto,2.807,-180,STOP_2367,0
m00112,u0013,t00112,0,-70.75128195295153,-33.56706186591743,-70.68951119891348,-33.56356958546505,2026-03-03T02:28:00Z,2026-03-03T04:13:00Z,88b2c54543fffff,88b2c54409fffff,car,transfer,unknown,San Miguel,Puente Alto,1.373,-180,STOP_1452,1
m00113,u0102,t00113,0,-70.54344545513793,-33.586705803235546,-70.52559075480983,-33.557899550107656,2026-03-01T17:54:00Z,2026-03-01T18:34:00Z,88b2c57267fffff,88b2c5099bfffff,taxi,education,unknown,Ñuñoa,Recoleta,2.448,-180,STOP_0374,1
m00114,u0015,t00114,0,-70.60233005198607,-33.34343040308522,-70.57897617667528,-33.36194552956203,2026-03-03T19:14:00Z,2026-03-03T21:03:00Z,88b2c5cc97fffff,88b2c51909fffff,ride_hailing,education,female,Estación Central,Independencia,4.703,-180,STOP_3539,3
m00115,u0141,t00115,0,-70.597132137206,-33.413164818615805,-70.65670384630715,-33.39924140876897,2026-03-06T19:11:00Z,2026-03-06T21:04:00Z,88b2c556d5fffff,88b2c55635fffff,ride_hailing,health,unknown,Pudahuel,Pudahuel,0.898,-180,STOP_3801,0
m00116,u0047,t00116,0,-70.65955186305483,-33.416235271439874,-70.67233938299297,-33.40071253551968,2026-03-05T02:14:00Z,2026-03-05T03:53:00Z,88b2c5545dfffff,88b2c55449fffff,scooter,other,female,Pudahuel,Santiago,2.194,-180,STOP_4355,1
m00117,u0029,t00117,0,-70.71646316314032,-33.48363242348358,-70.73645749731821,-33.44982446890553,2026-03-08T03:48:00Z,2026-03-08T05:47:00Z,88b2c55585fffff,88b2c55503fffff,walk,other,male,San Miguel,Santiago,1.436,-180,STOP_3592,3
m00118,u0092,t00118,0,-70.66036227950137,-33.394674529697674,-70.71425120642394,-33.36549560886877,2026-03-04T21:14:00Z,2026-03-04T22:06:00Z,88b2c5563dfffff,88b2c55749fffff,metro,health,female,La Florida,Quilicura,1.931,-180,STOP_1868,1
m00119,u0089,t00119,0,-70.46917156687451,-33.396450455364445,-70.4166646355717,-33.40086544120198,2026-03-01T20:55:00Z,2026-03-01T22:51:00Z,88b2c5188bfffff,88b2c5033dfffff,metro,other,other,La Florida,La Florida,2.835,-180,STOP_1822,3
m00120,u0145,t00120,0,-70.64750263985918,-33.62447605503616,-70.66817591627795,-33.64333271197865,2026-03-06T08:53:00Z,2026-03-06T09:11:00Z,88b2c544b9fffff,88b2c57a43fffff,ride_hailing,education,male,San Miguel,Vitacura,1.084,-180,STOP_1229,1
m00121,u0139,t00121,0,-70.4975712726502,-33.36809901505083,-70.48885462033768,-33.3724262711361,2026-03-07T08:56:00Z,2026-03-07T10:40:00Z,88b2c51811fffff,88b2c51813fffff,metro,home,unknown,Santiago,Santiago,2.897,-180,STOP_1083,2
m00122,u0073,t00122,0,-70.61287414741874,-33.528282726437645,-70.56016552992448,-33.52994446252896,2026-03-06T14:55:00Z,2026-03-06T16:54:00Z,88b2c50935fffff,88b2c509c7fffff,scooter,transfer,unknown,Vitacura,Recoleta,3.478,-180,STOP_0703,2
m00123,u0113,t00123,0,-70.81546583947816,-33.42503628349878,-70.80631715964522,-33.415069062549,2026-03-03T20:54:00Z,2026-03-03T22:15:00Z,88b2c5424dfffff,88b2c550a1fffff,ride_hailing,transfer,unknown,Recoleta,Providencia,3.225,-180,STOP_0971,0
m00124,u0122,t00124,0,-70.7555248255144,-33.363425376128795,-70.78817800579327,-33.355963834282356,2026-03-04T13:33:00Z,2026-03-04T14:27:00Z,88b2c552b9fffff,88b2c552adfffff,ride_hailing,leisure,female,Vitacura,Puente Alto,4.215,-180,STOP_0076,2
m00125,u0136,t00125,0,-70.64682666850543,-33.503505762537074,-70.69840632537982,-33.44140031614263,2026-03-04T07:10:00Z,2026-03-04T08:06:00Z,88b2c5465dfffff,88b2c55421fffff,metro,work,unknown,Providencia,Providencia,1.747,-180,STOP_0212,3
m00126,u0044,t00126,0,-70.65400395422185,-33.57925858717376,-70.64401002495151,-33.57724354546286,2026-03-06T21:59:00Z,2026-03-06T23:39:00Z,88b2c544cdfffff,88b2c544c9fffff,scooter,education,female,Pudahuel,Santiago,2.524,-180,STOP_3168,3
m00127,u0047,t00127,0,-70.69259624325106,-33.51587211665746,-70.69994537118677,-33.50706287901131,2026-03-01T07:40:00Z,2026-03-01T08:55:00Z,88b2c5475bfffff,88b2c555b3fffff,bus,leisure,female,Quilicura,Las Condes,1.918,-180,STOP_1841,3
m00128,u0025,t00128,0,-70.60656310631393,-33.49521627409458,-70.57964630016873,-33.52454958823933,2026-03-04T13:48:00Z,2026-03-04T14:07:00Z,88b2c5096bfffff,88b2c50917fffff,scooter,shopping,male,Santiago,Vitacura,4.329,-180,STOP_1932,1
m00129,u0048,t00129,0,-70.77708787286502,-33.41472574411194,-70.7039916965064,-33.46281467587554,2026-03-01T13:33:00Z,2026-03-01T14:15:00Z,88b2c550b9fffff,88b2c555c1fffff,metro,home,female,Puente Alto,Santiago,1.096,-180,STOP_3240,2
m00130,u0115,t00130,0,-70.55577954301356,-33.48471187210042,-70.5379234963446,-33.48827293151622,2026-03-04T12:32:00Z,2026-03-04T12:38:00Z,88b2c5086dfffff,88b2c5080dfffff,ride_hailing,other,unknown,Recoleta,Vitacura,4.36,-180,STOP_2246,1
m00131,u0027,t00131,0,-70.66412730075355,-33.49253588922044,-70.69929250391696,-33.45748269731855,2026-03-05T12:22:00Z,2026-03-05T13:58:00Z,88b2c5464dfffff,88b2c555c1fffff,bus,leisure,other,Estación Central,Las Condes,2.153,-180,STOP_2928,3
m00132,u0095,t00132,0,-70.62762328785699,-33.4856487076208,-70.60054148933845,-33.49517806008687,2026-03-02T19:04:00Z,2026-03-02T19:18:00Z,88b2c554bbfffff,88b2c50947fffff,bus,home,male,Ñuñoa,Quilicura,3.116,-180,STOP_0995,3
m00133,u0021,t00133,0,-70.73700697036615,-33.336451360595504,-70.71369300967093,-33.31821143877491,2026-03-02T10:30:00Z,2026-03-02T12:20:00Z,88b2c552ddfffff,88b2c5cd17fffff,other,errand,male,Santiago,San Miguel,2.124,-180,STOP_3118,2
m00134,u0061,t00134,0,-70.57264215729153,-33.489991276420874,-70.5857604814886,-33.45634493191415,2026-03-01T18:29:00Z,2026-03-01T20:15:00Z,88b2c50959fffff,88b2c50b63fffff,taxi,health,male,San Miguel,Las Condes,3.819,-180,STOP_4405,3
m00135,u0138,t00135,0,-70.56688672659162,-33.586489959218916,-70.60913123534498,-33.56446334353182,2026-03-05T07:43:00Z,2026-03-05T08:52:00Z,88b2c57355fffff,88b2c5469dfffff,taxi,health,male,Quilicura,La Florida,1.9,-180,STOP_0830,3
m00136,u0065,t00136,0,-70.53126710877886,-33.417214207258866,-70.51170855107948,-33.423572062400645,2026-03-07T01:01:00Z,2026-03-07T01:07:00Z,88b2c51995fffff,88b2c50a4dfffff,metro,leisure,other,Quilicura,Vitacura,2.983,-180,STOP_2490,3
m00137,u0124,t00137,0,-70.65758186483106,-33.369117809978704,-70.67749831951305,-33.36098887415694,2026-03-02T00:56:00Z,2026-03-02T02:38:00Z,88b2c5566bfffff,88b2c5566dfffff,bicycle,work,other,Estación Central,Santiago,2.618,-180,STOP_3845,2
m00138,u0036,t00138,0,-70.50954417191967,-33.51998157487716,-70.49480343445424,-33.5455619461399,2026-03-02T20:01:00Z,2026-03-02T20:45:00Z,88b2c508e9fffff,88b2c50887fffff,train,health,other,Maipú,Las Condes,4.965,-180,STOP_2857,2
m00139,u0111,t00139,0,-70.66527216950358,-33.46082322837344,-70.65265186616301,-33.46513733969168,2026-03-07T17:19:00Z,2026-03-07T18:14:00Z,88b2c554e5fffff,88b2c554e3fffff,taxi,shopping,male,Vitacura,Ñuñoa,1.303,-180,STOP_1702,2
m00140,u0046,t00140,0,-70.56376831317424,-33.445748477287424,-70.52557538467497,-33.46428925194575,2026-03-04T08:22:00Z,2026-03-04T08:42:00Z,88b2c50b43fffff,88b2c50a23fffff,car,errand,female,La Florida,Pudahuel,3.212,-180,STOP_3425,3
m00141,u0008,t00141,0,-70.57086221976998,-33.36272906976243,-70.55249356347402,-33.31807408834094,2026-03-07T19:10:00Z,2026-03-07T21:03:00Z,88b2c51955fffff,88b2c51b01fffff,scooter,work,male,Providencia,La Florida,4.446,-180,STOP_1821,3
m00142,u0056,t00142,0,-70.4672820371355,-33.49535650870852,-70.4774374339412,-33.557569572068346,2026-03-01T14:28:00Z,2026-03-01T15:00:00Z,88b2c50a87fffff,88b2c50d6dfffff,other,other,male,Recoleta,Las Condes,0.95,-180,STOP_4033,0
m00143,u0145,t00143,0,-70.65787407262066,-33.396097315255545,-70.65706939553854,-33.418092753485936,2026-03-02T08:14:00Z,2026-03-02T08:33:00Z,88b2c5563dfffff,88b2c55451fffff,bus,education,male,Quilicura,Recoleta,4.617,-180,STOP_0841,1
m00144,u0119,t00144,0,-70.6340135157882,-33.3706902930532,-70.70699829719156,-33.352442813187885,2026-03-02T13:37:00Z,2026-03-02T15:25:00Z,88b2c55655fffff,88b2c5cda3fffff,other,work,male,Ñuñoa,Las Condes,3.148,-180,STOP_2384,2
m00145,u0034,t00145,0,-70.56381497482523,-33.45326025194062,-70.58487520538037,-33.43102131898638,2026-03-05T20:47:00Z,2026-03-05T22:19:00Z,88b2c50b0bfffff,88b2c55693fffff,motorcycle,education,unknown,Estación Central,Vitacura,1.349,-180,STOP_4903,0
m00146,u0014,t00146,0,-70.74127156493981,-33.390313756320644,-70.71846743628352,-33.39101374174301,2026-03-04T00:12:00Z,2026-03-04T01:09:00Z,88b2c55767fffff,88b2c55701fffff,train,education,other,Las Condes,Pudahuel,2.845,-180,STOP_3539,0
m00147,u0148,t00147,0,-70.75008039305881,-33.43648801785801,-70.79652936782641,-33.426006379098055,2026-03-05T23:19:00Z,2026-03-06T00:12:00Z,88b2c5550dfffff,88b2c550b5fffff,walk,work,unknown,Estación Central,Providencia,1.986,-180,STOP_0799,3
m00148,u0053,t00148,0,-70.58476505801865,-33.549703317070296,-70.54531843323743,-33.54996582462026,2026-03-07T07:05:00Z,2026-03-07T07:54:00Z,88b2c509adfffff,88b2c5099dfffff,taxi,work,other,San Miguel,Independencia,1.268,-180,STOP_1760,0
m00149,u0075,t00149,0,-70.62607883319703,-33.674287754812,-70.64463730160784,-33.64525793993215,2026-03-02T12:34:00Z,2026-03-02T14:12:00Z,88b2c57acbfffff,88b2c57a5bfffff,train,leisure,female,Las Condes,San Miguel,4.517,-180,STOP_4828,1
m00150,u0050,t00150,0,-70.68969012597307,-33.42374544913505,-70.66776413146715,-33.42593120744325,2026-03-04T12:41:00Z,2026-03-04T13:42:00Z,88b2c55463fffff,88b2c5540bfffff,bicycle,transfer,female,Independencia,Puente Alto,4.013,-180,STOP_2703,2
m00151,u0044,t00151,0,-70.69044532808009,-33.40288719016041,-70.6426499956271,-33.37718611711526,2026-03-03T20:15:00Z,2026-03-03T20:31:00Z,88b2c55713fffff,88b2c5560bfffff,taxi,other,male,Quilicura,Independencia,4.065,-180,STOP_3354,0
m00152,u0062,t00152,0,-70.70127850941184,-33.616164408050786,-70.65870219017543,-33.660643576889605,2026-03-05T09:39:00Z,2026-03-05T10:35:00Z,88b2c545d7fffff,88b2c57a1dfffff,ride_hailing,work,other,Las Condes,Pudahuel,2.299,-180,STOP_0423,2
m00153,u0047,t00153,0,-70.72240784357331,-33.40221260385222,-70.70645968678693,-33.39292587816151,2026-03-07T21:13:00Z,2026-03-07T22:56:00Z,88b2c5573dfffff,88b2c55703fffff,bicycle,other,male,Maipú,Recoleta,1.163,-180,STOP_0102,2
m00154,u0087,t00154,0,-70.65956288153134,-33.41011030995717,-70.708236099133,-33.37396636473915,2026-03-04T00:24:00Z,2026-03-04T01:24:00Z,88b2c5545dfffff,88b2c55743fffff,bicycle,shopping,female,San Miguel,Ñuñoa,1.351,-180,STOP_1563,3
m00155,u0112,t00155,0,-70.6335421939391,-33.41988959082828,-70.57947994211656,-33.429763115828784,2026-03-05T04:31:00Z,2026-03-05T06:23:00Z,88b2c556a9fffff,88b2c5569bfffff,taxi,leisure,male,Maipú,Santiago,3.517,-180,STOP_3716,2
m00156,u0103,t00156,0,-70.49804892725466,-33.41873505919377,-70.48402925885527,-33.42858447144435,2026-03-07T10:50:00Z,2026-03-07T11:19:00Z,88b2c50a49fffff,88b2c50a5dfffff,metro,other,unknown,Recoleta,Providencia,3.466,-180,STOP_0344,0
m00157,u0065,t00157,0,-70.67807549729277,-33.47526762242146,-70.7080022178151,-33.46431659909206,2026-03-03T02:59:00Z,2026-03-03T03:46:00Z,88b2c555d3fffff,88b2c555c7fffff,bus,health,unknown,Providencia,Las Condes,1.72,-180,STOP_2478,2
m00158,u0114,t00158,0,-70.53984123957169,-33.511209842262346,-70.48764026656873,-33.5045949055804,2026-03-07T11:34:00Z,2026-03-07T13:29:00Z,88b2c5083dfffff,88b2c50aa7fffff,car,home,unknown,Independencia,Puente Alto,2.796,-180,STOP_4879,1
m00159,u0012,t00159,0,-70.61664148757258,-33.43366022600022,-70.62468167749634,-33.441365469112725,2026-03-03T00:21:00Z,2026-03-03T01:55:00Z,88b2c556bdfffff,88b2c556b5fffff,scooter,errand,unknown,Las Condes,Independencia,1.053,-180,STOP_0766,1
m00160,u0011,t00160,0,-70.50704041069265,-33.50519935348826,-70.4890439695304,-33.50090460149878,2026-03-01T20:41:00Z,2026-03-01T20:54:00Z,88b2c50811fffff,88b2c50aa7fffff,bicycle,home,male,Recoleta,Las Condes,2.265,-180,STOP_3338,2
m00161,u0061,t00161,0,-70.7112015056054,-33.48500256111797,-70.66219747196486,-33.47454441981083,2026-03-05T18:20:00Z,2026-03-05T19:26:00Z,88b2c55585fffff,88b2c554adfffff,car,errand,female,Puente Alto,Independencia,3.244,-180,STOP_0778,2
m00162,u0052,t00162,0,-70.55886576846166,-33.39081080404758,-70.54876333507248,-33.37229113822351,2026-03-06T10:16:00Z,2026-03-06T10:23:00Z,88b2c519e9fffff,88b2c51825fffff,bus,work,male,La Florida,Ñuñoa,2.194,-180,STOP_2612,3
m00163,u0120,t00163,0,-70.70819182385691,-33.34162933555207,-70.74634864637338,-33.38279190266242,2026-03-06T16:38:00Z,2026-03-06T17:41:00Z,88b2c5cda9fffff,88b2c55765fffff,ride_hailing,errand,other,Estación Central,Ñuñoa,0.787,-180,STOP_4409,0
m00164,u0106,t00164,0,-70.5996097482943,-33.425396327580714,-70.62046933194128,-33.42887806016402,2026-03-02T02:46:00Z,2026-03-02T03:34:00Z,88b2c55695fffff,88b2c556abfffff,bicycle,home,other,Quilicura,Las Condes,2.992,-180,STOP_3976,0
m00165,u0003,t00165,0,-70.57378932476053,-33.57975397108294,-70.52310318432181,-33.603266338843575,2026-03-04T02:10:00Z,2026-03-04T03:54:00Z,88b2c57343fffff,88b2c57231fffff,motorcycle,education,female,Puente Alto,Pudahuel,1.974,-180,STOP_4237,1
m00166,u0059,t00166,0,-70.66682850205656,-33.33589821658951,-70.65271939030576,-33.33512563150406,2026-03-07T13:37:00Z,2026-03-07T14:22:00Z,88b2c5cdd7fffff,88b2c5ccadfffff,taxi,transfer,male,Independencia,La Florida,2.016,-180,STOP_4620,3
m00167,u0009,t00167,0,-70.76277640486559,-33.427189305911455,-70.69009432812756,-33.445688209715435,2026-03-07T00:14:00Z,2026-03-07T01:10:00Z,88b2c55561fffff,88b2c55423fffff,bicycle,work,female,Maipú,Maipú,2.346,-180,STOP_2979,3
m00168,u0132,t00168,0,-70.69054998387978,-33.446199318881256,-70.65018740653521,-33.47329252785727,2026-03-07T14:05:00Z,2026-03-07T15:33:00Z,88b2c55423fffff,88b2c554abfffff,other,other,male,Las Condes,Maipú,1.202,-180,STOP_0653,1
m00169,u0050,t00169,0,-70.56919838041806,-33.560387089098,-70.57094917020243,-33.57662154750715,2026-03-03T05:12:00Z,2026-03-03T06:31:00Z,88b2c509bdfffff,88b2c5734bfffff,motorcycle,shopping,male,Independencia,Independencia,4.28,-180,STOP_0147,3
m00170,u0005,t00170,0,-70.69706016461537,-33.45022786545199,-70.67700645004042,-33.4536654745297,2026-03-02T00:14:00Z,2026-03-02T00:30:00Z,88b2c555c9fffff,88b2c55433fffff,other,education,unknown,Independencia,Las Condes,1.344,-180,STOP_0841,2
m00171,u0010,t00171,0,-70.65892927052641,-33.480569289100586,-70.73939198416059,-33.41634736730603,2026-03-07T11:08:00Z,2026-03-07T11:33:00Z,88b2c554a1fffff,88b2c55549fffff,car,transfer,unknown,Independencia,Maipú,3.277,-180,STOP_0225,3
m00172,u0052,t00172,0,-70.65285547866763,-33.604494762038605,-70.6779644602421,-33.61955475163928,2026-03-08T04:18:00Z,2026-03-08T05:19:00Z,88b2c5448dfffff,88b2c544a5fffff,bicycle,errand,male,Vitacura,Estación Central,0.758,-180,STOP_2157,0
m00173,u0145,t00173,0,-70.55054476354863,-33.42400781697461,-70.53299760054861,-33.43007533336669,2026-03-04T00:01:00Z,2026-03-04T01:14:00Z,88b2c519bdfffff,88b2c50a6dfffff,metro,work,male,Vitacura,Providencia,4.984,-180,STOP_2094,1
m00174,u0000,t00174,0,-70.76828629786367,-33.456940126394194,-70.78118439134083,-33.46247101080265,2026-03-05T20:51:00Z,2026-03-05T22:11:00Z,88b2c55527fffff,88b2c5421bfffff,taxi,leisure,female,La Florida,Santiago,3.629,-180,STOP_3819,1
m00175,u0134,t00175,0,-70.54592956843034,-33.60930324550589,-70.54242448364089,-33.61990143775118,2026-03-03T08:07:00Z,2026-03-03T10:00:00Z,88b2c5704dfffff,88b2c57047fffff,bus,errand,female,Providencia,Puente Alto,2.374,-180,STOP_3583,2
m00176,u0087,t00176,0,-70.35585365417701,-33.33389603053369,-70.36675586391665,-33.34158452581621,2026-03-01T18:51:00Z,2026-03-01T19:59:00Z,88b2c510a5fffff,88b2c51191fffff,other,other,female,Maipú,Quilicura,1.564,-180,STOP_4316,2
m00177,u0035,t00177,0,-70.5522359867172,-33.47061417292078,-70.57320569787308,-33.48899076095173,2026-03-04T04:08:00Z,2026-03-04T05:57:00Z,88b2c50b17fffff,88b2c50959fffff,train,work,male,Independencia,Maipú,0.808,-180,STOP_3447,1
m00178,u0043,t00178,0,-70.72394003365002,-33.31658661699715,-70.73130118421066,-33.33403115083803,2026-03-05T15:53:00Z,2026-03-05T16:36:00Z,88b2c5cd3bfffff,88b2c552d9fffff,motorcycle,leisure,unknown,Santiago,San Miguel,4.415,-180,STOP_0562,2
m00179,u0006,t00179,0,-70.65554817235224,-33.49778728601005,-70.6763617373133,-33.48768808184749,2026-03-08T05:18:00Z,2026-03-08T06:57:00Z,88b2c5464bfffff,88b2c5559bfffff,other,transfer,other,Independencia,Ñuñoa,2.851,-180,STOP_4600,2
m00180,u0055,t00180,0,-70.52197045804672,-33.393104095441316,-70.5175576976191,-33.439377757532945,2026-03-06T07:01:00Z,2026-03-06T08:17:00Z,88b2c519d1fffff,88b2c50a63fffff,car,errand,male,Pudahuel,Pudahuel,1.726,-180,STOP_0749,3
m00181,u0131,t00181,0,-70.67246134373467,-33.531741956913194,-70.65942590324082,-33.511633127678564,2026-03-04T17:13:00Z,2026-03-04T19:12:00Z,88b2c5463dfffff,88b2c54609fffff,taxi,transfer,male,Recoleta,La Florida,1.964,-180,STOP_3705,0
m00182,u0137,t00182,0,-70.80932561072026,-33.335248086986375,-70.80283072005878,-33.33032318605735,2026-03-08T00:41:00Z,2026-03-08T01:51:00Z,88b2c55235fffff,88b2c5523dfffff,other,transfer,unknown,Maipú,Pudahuel,1.569,-180,STOP_4054,1
m00183,u0141,t00183,0,-70.72111930273805,-33.52479904012547,-70.74391695666455,-33.536752781201415,2026-03-05T20:39:00Z,2026-03-05T22:24:00Z,88b2c5470bfffff,88b2c5472bfffff,ride_hailing,education,other,Puente Alto,Puente Alto,4.532,-180,STOP_0182,1
m00184,u0117,t00184,0,-70.6994601043878,-33.43589772881994,-70.6975907951247,-33.45202593911401,2026-03-05T13:32:00Z,2026-03-05T15:16:00Z,88b2c55421fffff,88b2c555c9fffff,motorcycle,leisure,other,Ñuñoa,Vitacura,0.829,-180,STOP_1631,3
m00185,u0082,t00185,0,-70.73812142443502,-33.541877086175425,-70.75001321275813,-33.52787227838701,2026-03-05T21:22:00Z,2026-03-05T21:55:00Z,88b2c5473dfffff,88b2c54767fffff,ride_hailing,other,male,Estación Central,Ñuñoa,3.378,-180,STOP_1415,0
m00186,u0032,t00186,0,-70.66425435298135,-33.39061960798579,-70.71519381788467,-33.36590136826091,2026-03-04T14:58:00Z,2026-03-04T15:32:00Z,88b2c5562bfffff,88b2c5574dfffff,car,other,male,La Florida,Pudahuel,4.688,-180,STOP_3508,3
m00187,u0149,t00187,0,-70.64222264184768,-33.49038937638293,-70.63734639628409,-33.53957614652689,2026-03-06T14:04:00Z,2026-03-06T14:58:00Z,88b2c554b1fffff,88b2c546e9fffff,bicycle,transfer,female,Puente Alto,Pudahuel,1.639,-180,STOP_0929,2
m00188,u0089,t00188,0,-70.95780550854805,-33.39124437424399,-70.91881983114733,-33.41314080550726,2026-03-03T19:24:00Z,2026-03-03T19:38:00Z,88b2c55a07fffff,88b2c55ac7fffff,train,transfer,female,Quilicura,Puente Alto,4.942,-180,STOP_4132,2
m00189,u0033,t00189,0,-70.72040838605028,-33.407470417531215,-70.71029108870161,-33.44386501238612,2026-03-06T16:30:00Z,2026-03-06T18:16:00Z,88b2c55731fffff,88b2c55425fffff,walk,home,unknown,Quilicura,Quilicura,4.156,-180,STOP_3438,0
m00190,u0137,t00190,0,-70.72291104891633,-33.27870231619534,-70.76091096015287,-33.23608186842236,2026-03-05T08:09:00Z,2026-03-05T08:51:00Z,88b2c5cd4bfffff,88b2c5c8c9fffff,ride_hailing,errand,unknown,Santiago,Estación Central,0.509,-180,STOP_0523,1
m00191,u0123,t00191,0,-70.58117380784789,-33.52364390500829,-70.4992449625114,-33.52693761330651,2026-03-01T15:27:00Z,2026-03-01T15:35:00Z,88b2c50917fffff,88b2c5088dfffff,bus,errand,unknown,Pudahuel,Recoleta,3.672,-180,STOP_3777,2
m00192,u0082,t00192,0,-70.85389564968469,-33.494591492156275,-70.78184578564138,-33.45649057086474,2026-03-02T23:53:00Z,2026-03-03T00:59:00Z,88b2c54061fffff,88b2c54219fffff,taxi,education,unknown,San Miguel,Santiago,3.958,-180,STOP_2395,0
m00193,u0148,t00193,0,-70.61909778220608,-33.47402747524909,-70.61018537610015,-33.47947288644948,2026-03-06T09:04:00Z,2026-03-06T10:03:00Z,88b2c5549dfffff,88b2c5549bfffff,motorcycle,home,other,Vitacura,Recoleta,0.922,-180,STOP_2127,2
m00194,u0118,t00194,0,-70.65396719077039,-33.51651463173267,-70.62529063831484,-33.494755507442036,2026-03-07T20:10:00Z,2026-03-07T20:26:00Z,88b2c5460bfffff,88b2c5096dfffff,bicycle,transfer,other,San Miguel,La Florida,3.915,-180,STOP_1177,1
m00195,u0071,t00195,0,-70.62210811630555,-33.348576871438695,-70.65736451222924,-33.380217340060675,2026-03-04T10:12:00Z,2026-03-04T10:30:00Z,88b2c5ccb1fffff,88b2c55605fffff,bus,home,unknown,Maipú,Las Condes,0.987,-180,STOP_3317,0
m00196,u0096,t00196,0,-70.78719833378868,-33.548046877020234,-70.79735910912491,-33.51698469238855,2026-03-07T07:58:00Z,2026-03-07T09:33:00Z,88b2c54083fffff,88b2c540cdfffff,taxi,home,female,Providencia,Quilicura,4.568,-180,STOP_3171,1
m00197,u0062,t00197,0,-70.54148173887936,-33.438734793832296,-70.53779932398997,-33.46524370078488,2026-03-05T17:39:00Z,2026-03-05T18:12:00Z,88b2c50b59fffff,88b2c50b1bfffff,motorcycle,home,female,Independencia,Maipú,2.217,-180,STOP_4995,1
m00198,u0149,t00198,0,-70.76787920846336,-33.46742723884394,-70.76340867081831,-33.53346767665766,2026-03-03T04:33:00Z,2026-03-03T05:20:00Z,88b2c542c1fffff,88b2c540d3fffff,metro,health,unknown,Independencia,Independencia,2.992,-180,STOP_0510,2
m00199,u0086,t00199,0,-70.74394703688031,-33.570490931116744,-70.68913715533981,-33.59073298183485,2026-03-04T18:59:00Z,2026-03-04T19:13:00Z,88b2c54555fffff,88b2c54431fffff,ride_hailing,transfer,other,Ñuñoa,La Florida,2.312,-180,STOP_1590,1
m00200,u0145,t00200,0,-70.49120883936952,-33.44994190118171,-70.41598054226736,-33.47470448284987,2026-03-04T16:04:00Z,2026-03-04T17:52:00Z,88b2c50a1dfffff,88b2c501a9fffff,train,education,unknown,Maipú,Maipú,1.821,-180,STOP_3916,3
m00201,u0120,t00201,0,-70.70036098301345,-33.46130193016773,-70.6875764666541,-33.50671480052558,2026-03-07T13:51:00Z,2026-03-07T14:46:00Z,88b2c555c1fffff,88b2c5466dfffff,car,work,other,Pudahuel,Quilicura,3.401,-180,STOP_0693,2
m00202,u0141,t00202,0,-70.70789147054268,-33.33536366830897,-70.64979702599325,-33.33588701533196,2026-03-07T20:29:00Z,2026-03-07T21:34:00Z,88b2c5cde3fffff,88b2c5ccadfffff,train,transfer,unknown,Vitacura,Puente Alto,3.043,-180,STOP_3732,3
m00203,u0029,t00203,0,-70.58121614092269,-33.350849346741164,-70.60833830037917,-33.331627550612176,2026-03-05T01:32:00Z,2026-03-05T03:16:00Z,88b2c51941fffff,88b2c5cc9dfffff,metro,other,female,Providencia,La Florida,3.408,-180,STOP_0503,1
m00204,u0067,t00204,0,-70.54327924764087,-33.58288246508371,-70.58339615068552,-33.58100795104199,2026-03-06T02:04:00Z,2026-03-06T02:15:00Z,88b2c57267fffff,88b2c57347fffff,walk,errand,unknown,Vitacura,Pudahuel,1.661,-180,STOP_4605,0
m00205,u0028,t00205,0,-70.5126921909149,-33.389135847548175,-70.53445052231481,-33.38951337891937,2026-03-01T19:49:00Z,2026-03-01T20:29:00Z,88b2c519d9fffff,88b2c519c3fffff,train,transfer,male,Providencia,Independencia,4.438,-180,STOP_3447,0
m00206,u0100,t00206,0,-70.80086645049688,-33.34347491946255,-70.81041714490782,-33.367202446782905,2026-03-03T10:53:00Z,2026-03-03T11:51:00Z,88b2c5505dfffff,88b2c5501dfffff,other,leisure,unknown,Providencia,Providencia,0.848,-180,STOP_2818,3
m00207,u0115,t00207,0,-70.73460669718803,-33.32856608603284,-70.69580353141781,-33.34663897675048,2026-03-03T02:53:00Z,2026-03-03T03:37:00Z,88b2c5cd37fffff,88b2c5cd87fffff,bicycle,transfer,unknown,La Florida,Puente Alto,3.885,-180,STOP_3263,2
m00208,u0027,t00208,0,-70.6030085847253,-33.4784128331532,-70.61633548531081,-33.50234449217758,2026-03-07T19:43:00Z,2026-03-07T21:42:00Z,88b2c5549bfffff,88b2c50963fffff,motorcycle,home,other,Ñuñoa,Santiago,2.073,-180,STOP_3785,0
m00209,u0102,t00209,0,-70.65685081628692,-33.454313179905974,-70.6087151355349,-33.361376009170534,2026-03-03T09:07:00Z,2026-03-03T10:12:00Z,88b2c554e9fffff,88b2c51961fffff,train,errand,female,Ñuñoa,Vitacura,4.168,-180,STOP_3241,1
m00210,u0143,t00210,0,-70.6712668194777,-33.37756818577712,-70.63719014872856,-33.35005564193108,2026-03-07T19:10:00Z,2026-03-07T20:23:00Z,88b2c55667fffff,88b2c5ccb5fffff,metro,other,other,Las Condes,La Florida,2.992,-180,STOP_1065,2
m00211,u0071,t00211,0,-70.52382573023701,-33.4557348525661,-70.56020436905455,-33.43468287009331,2026-03-01T14:33:00Z,2026-03-01T14:41:00Z,88b2c50a21fffff,88b2c50b4bfffff,metro,errand,male,Quilicura,Vitacura,2.569,-180,STOP_1494,3
m00212,u0033,t00212,0,-70.70493725325598,-33.37287847378363,-70.69699508036938,-33.41677777665734,2026-03-02T12:38:00Z,2026-03-02T13:50:00Z,88b2c55743fffff,88b2c55461fffff,metro,leisure,other,San Miguel,Puente Alto,3.036,-180,STOP_1715,1
m00213,u0135,t00213,0,-70.5623665966786,-33.386474850304545,-70.58785974398077,-33.36890270673301,2026-03-08T01:54:00Z,2026-03-08T03:17:00Z,88b2c51917fffff,88b2c51901fffff,scooter,errand,female,Pudahuel,Las Condes,4.028,-180,STOP_3865,2
m00214,u0020,t00214,0,-70.68020666170197,-33.528729109833534,-70.73656113469838,-33.48632744123339,2026-03-04T05:57:00Z,2026-03-04T07:41:00Z,88b2c5462bfffff,88b2c542d3fffff,scooter,transfer,unknown,La Florida,La Florida,2.336,-180,STOP_4845,0
m00215,u0144,t00215,0,-70.62759412545311,-33.39778513846354,-70.6019900389145,-33.364013262352785,2026-03-03T20:38:00Z,2026-03-03T22:18:00Z,88b2c556e9fffff,88b2c51963fffff,bicycle,other,female,Recoleta,Quilicura,2.516,-180,STOP_0446,1
m00216,u0041,t00216,0,-70.57830412010698,-33.48865838560348,-70.5503809877361,-33.501969661753265,2026-03-05T06:13:00Z,2026-03-05T07:26:00Z,88b2c5095dfffff,88b2c50829fffff,ride_hailing,other,unknown,La Florida,La Florida,1.329,-180,STOP_2353,3
m00217,u0085,t00217,0,-70.66511709811645,-33.58188672056537,-70.68555439850195,-33.575571802608486,2026-03-03T12:58:00Z,2026-03-03T14:44:00Z,88b2c54413fffff,88b2c54403fffff,walk,leisure,unknown,Puente Alto,La Florida,3.588,-180,STOP_4065,1
m00218,u0085,t00218,0,-70.66546745887334,-33.45012761873234,-70.7257396088397,-33.51038653731186,2026-03-07T13:47:00Z,2026-03-07T15:12:00Z,88b2c5543bfffff,88b2c54741fffff,car,transfer,male,Santiago,Recoleta,0.746,-180,STOP_2423,1
m00219,u0081,t00219,0,-70.54497033795548,-33.468703158075606,-70.5638216143765,-33.473405387153704,2026-03-04T13:36:00Z,2026-03-04T15:20:00Z,88b2c50b13fffff,88b2c50b3bfffff,motorcycle,education,male,Independencia,Puente Alto,3.893,-180,STOP_1155,1
m00220,u0015,t00220,0,-70.653158682093,-33.45940938409579,-70.7147720724301,-33.42288639377181,2026-03-07T06:21:00Z,2026-03-07T07:13:00Z,88b2c554e1fffff,88b2c55559fffff,taxi,work,female,Las Condes,La Florida,0.848,-180,STOP_0797,1
m00221,u0023,t00221,0,-70.65432193884124,-33.572714180976774,-70.64679168226647,-33.5802757914544,2026-03-03T07:06:00Z,2026-03-03T08:06:00Z,88b2c546a5fffff,88b2c544c9fffff,ride_hailing,leisure,female,Independencia,La Florida,3.356,-180,STOP_1589,2
m00222,u0124,t00222,0,-70.65606359384454,-33.510573587042046,-70.68848107059041,-33.541233442740165,2026-03-04T17:01:00Z,2026-03-04T17:25:00Z,88b2c54609fffff,88b2c54449fffff,taxi,shopping,other,Quilicura,Quilicura,1.037,-180,STOP_0206,0
m00223,u0124,t00223,0,-70.52925208549945,-33.42898459956503,-70.54696364616588,-33.411791102910676,2026-03-01T21:58:00Z,2026-03-01T23:35:00Z,88b2c50a6dfffff,88b2c51987fffff,bicycle,education,male,Puente Alto,Maipú,1.572,-180,STOP_4348,0
m00224,u0000,t00224,0,-70.62793756919878,-33.515763232881,-70.7026692939282,-33.50695672807101,2026-03-03T07:01:00Z,2026-03-03T07:48:00Z,88b2c50925fffff,88b2c555b3fffff,ride_hailing,home,male,La Florida,Estación Central,4.602,-180,STOP_1388,1
m00225,u0118,t00225,0,-70.53806637637155,-33.47242683562051,-70.5831666168195,-33.46064787836376,2026-03-07T17:23:00Z,2026-03-07T19:03:00Z,88b2c5084dfffff,88b2c50b05fffff,train,work,other,Vitacura,Maipú,4.681,-180,STOP_3929,2
m00226,u0099,t00226,0,-70.55620119633942,-33.29679478366231,-70.48989030075352,-33.2715189963903,2026-03-03T11:42:00Z,2026-03-03T13:39:00Z,88b2c51b41fffff,88b2c5c4a7fffff,metro,other,other,Ñuñoa,Ñuñoa,4.121,-180,STOP_3880,2
m00227,u0100,t00227,0,-70.7916484293729,-33.40797025016417,-70.74328425049696,-33.46066816867751,2026-03-06T06:49:00Z,2026-03-06T08:22:00Z,88b2c550abfffff,88b2c55531fffff,other,health,male,Quilicura,San Miguel,4.181,-180,STOP_4177,3
m00228,u0108,t00228,0,-70.6901774627232,-33.474083120507494,-70.64783446053438,-33.49658203563412,2026-03-01T14:06:00Z,2026-03-01T16:00:00Z,88b2c555d5fffff,88b2c5464bfffff,train,errand,other,Santiago,Ñuñoa,4.933,-180,STOP_1922,0
m00229,u0056,t00229,0,-70.71081358219485,-33.48837476003793,-70.68529134975736,-33.47248436876092,2026-03-07T05:08:00Z,2026-03-07T05:47:00Z,88b2c55587fffff,88b2c555d5fffff,bus,health,other,Pudahuel,Independencia,2.91,-180,STOP_4037,0
m00230,u0147,t00230,0,-70.59526450205813,-33.442464030696826,-70.5838889063423,-33.46611199300619,2026-03-04T06:43:00Z,2026-03-04T08:12:00Z,88b2c50b6dfffff,88b2c50b2bfffff,taxi,errand,female,La Florida,La Florida,3.415,-180,STOP_4714,1
m00231,u0042,t00231,0,-70.62814051075635,-33.42868264514011,-70.6540543186016,-33.465528296246454,2026-03-06T03:56:00Z,2026-03-06T04:58:00Z,88b2c556a1fffff,88b2c554e3fffff,other,education,female,Providencia,Recoleta,2.943,-180,STOP_1507,2
m00232,u0148,t00232,0,-70.50427960634846,-33.45625087108854,-70.54503737064417,-33.45430914996727,2026-03-08T05:26:00Z,2026-03-08T05:35:00Z,88b2c50a39fffff,88b2c50b53fffff,car,health,male,Quilicura,Ñuñoa,3.665,-180,STOP_0766,0
m00233,u0105,t00233,0,-70.51075148004071,-33.438049713502124,-70.5088183428935,-33.483818653029644,2026-03-04T17:46:00Z,2026-03-04T18:15:00Z,88b2c50a0dfffff,88b2c50851fffff,bicycle,health,unknown,Santiago,Estación Central,2.165,-180,STOP_4819,0
m00234,u0041,t00234,0,-70.79117313945636,-33.497701576711094,-70.7496396271733,-33.48431862398237,2026-03-04T15:33:00Z,2026-03-04T16:00:00Z,88b2c542a1fffff,88b2c542d7fffff,bicycle,leisure,male,La Florida,La Florida,1.076,-180,STOP_0582,2
m00235,u0018,t00235,0,-70.56758406224796,-33.53688049087909,-70.54370225301179,-33.52544415276841,2026-03-01T18:37:00Z,2026-03-01T20:36:00Z,88b2c509ebfffff,88b2c509cbfffff,bicycle,shopping,male,Independencia,La Florida,4.889,-180,STOP_0781,3
m00236,u0030,t00236,0,-70.66667021237863,-33.43769520519494,-70.64962763139211,-33.455902307009076,2026-03-05T15:27:00Z,2026-03-05T15:38:00Z,88b2c55415fffff,88b2c554ebfffff,motorcycle,errand,other,San Miguel,Maipú,2.728,-180,STOP_3456,2
m00237,u0010,t00237,0,-70.79426597392569,-33.597004623321126,-70.83095177136973,-33.626866157110605,2026-03-07T00:17:00Z,2026-03-07T01:44:00Z,88b2c54e1bfffff,88b2c54c5dfffff,walk,transfer,female,Santiago,La Florida,4.789,-180,STOP_1592,3
m00238,u0024,t00238,0,-70.74992703141572,-33.36082468809599,-70.75188624191834,-33.34184213800174,2026-03-05T07:09:00Z,2026-03-05T07:19:00Z,88b2c552b9fffff,88b2c55289fffff,motorcycle,errand,unknown,San Miguel,Santiago,4.111,-180,STOP_1315,2
m00239,u0042,t00239,0,-70.81995197244758,-33.41974296447887,-70.82184263929734,-33.483747614014526,2026-03-06T21:03:00Z,2026-03-06T22:33:00Z,88b2c5519bfffff,88b2c5405dfffff,taxi,leisure,male,Vitacura,Quilicura,2.432,-180,STOP_4207,0
m00240,u0096,t00240,0,-70.52921287539772,-33.41231588250532,-70.53277771443825,-33.40342493335116,2026-03-06T08:09:00Z,2026-03-06T09:41:00Z,88b2c5199dfffff,88b2c5198bfffff,bus,transfer,female,Ñuñoa,Pudahuel,3.623,-180,STOP_2903,0
m00241,u0135,t00241,0,-70.52067559496709,-33.375578552904514,-70.51131551906798,-33.40478202562866,2026-03-04T19:45:00Z,2026-03-04T20:18:00Z,88b2c51831fffff,88b2c518a5fffff,ride_hailing,leisure,female,Ñuñoa,La Florida,2.408,-180,STOP_0142,3
m00242,u0130,t00242,0,-70.7727038871562,-33.382959009612215,-70.73800989658021,-33.402403095592014,2026-03-02T20:18:00Z,2026-03-02T21:17:00Z,88b2c550cbfffff,88b2c55721fffff,train,errand,female,Puente Alto,Estación Central,4.306,-180,STOP_1268,0
m00243,u0051,t00243,0,-70.48935624647847,-33.50173034404763,-70.43566313411809,-33.5237114489398,2026-03-03T05:04:00Z,2026-03-03T06:36:00Z,88b2c50aa7fffff,88b2c50f05fffff,car,transfer,female,Pudahuel,Pudahuel,2.03,-180,STOP_2193,1
m00244,u0033,t00244,0,-70.47106617130865,-33.49563743018374,-70.43673006515934,-33.48272766005729,2026-03-01T07:57:00Z,2026-03-01T09:19:00Z,88b2c50a87fffff,88b2c50ad3fffff,bus,home,female,Independencia,Quilicura,2.941,-180,STOP_2315,1
m00245,u0113,t00245,0,-70.6642199276178,-33.331895944022804,-70.65906891019425,-33.35836364661344,2026-03-04T19:00:00Z,2026-03-04T19:49:00Z,88b2c5cdd1fffff,88b2c55645fffff,train,health,other,Providencia,Las Condes,0.877,-180,STOP_2523,1
m00246,u0148,t00246,0,-70.6755434360312,-33.42160646340289,-70.70301917094059,-33.40700853994431,2026-03-05T10:04:00Z,2026-03-05T11:52:00Z,88b2c55409fffff,88b2c55717fffff,scooter,other,unknown,Quilicura,Las Condes,0.604,-180,STOP_3591,0
m00247,u0087,t00247,0,-70.62912000337892,-33.54845770090614,-70.64641447008174,-33.5352656482342,2026-03-07T10:17:00Z,2026-03-07T11:52:00Z,88b2c5468dfffff,88b2c54617fffff,other,home,unknown,Puente Alto,Estación Central,1.443,-180,STOP_0655,0
m00248,u0018,t00248,0,-70.60053953846588,-33.36480394214828,-70.6624015630034,-33.36926330894319,2026-03-02T10:59:00Z,2026-03-02T12:40:00Z,88b2c51963fffff,88b2c5566bfffff,metro,health,female,San Miguel,Recoleta,1.625,-180,STOP_2394,2
m00249,u0099,t00249,0,-70.57237449685518,-33.39751332435554,-70.63885864815133,-33.39696643388334,2026-03-06T16:29:00Z,2026-03-06T18:23:00Z,88b2c519e5fffff,88b2c5563bfffff,train,transfer,male,Puente Alto,Independencia,4.282,-180,STOP_0384,1
m00250,u0007,t00250,0,-70.68636879904288,-33.41805526663586,-70.70098096197009,-33.45733433153447,2026-03-05T21:00:00Z,2026-03-05T22:48:00Z,88b2c5546bfffff,88b2c555c1fffff,taxi,work,female,Pudahuel,Maipú,4.275,-180,STOP_1542,1
m00251,u0033,t00251,0,-70.47924515803436,-33.38754828887801,-70.42821218300205,-33.406017225888995,2026-03-04T14:28:00Z,2026-03-04T16:05:00Z,88b2c5188dfffff,88b2c50149fffff,metro,work,other,Providencia,La Florida,2.939,-180,STOP_4847,0
m00252,u0136,t00252,0,-70.6270665779886,-33.52681826683572,-70.58937493826694,-33.528349652685144,2026-03-01T07:28:00Z,2026-03-01T08:10:00Z,88b2c50927fffff,88b2c5093bfffff,scooter,shopping,other,Puente Alto,Puente Alto,3.143,-180,STOP_3313,3
m00253,u0007,t00253,0,-70.48501852124734,-33.35343687157824,-70.47694590767449,-33.35605346784284,2026-03-07T20:28:00Z,2026-03-07T21:10:00Z,88b2c51853fffff,88b2c51aa1fffff,walk,errand,female,Puente Alto,Vitacura,4.953,-180,STOP_3610,2
m00254,u0062,t00254,0,-70.69121061505446,-33.38132055446871,-70.65499246167919,-33.405326263691265,2026-03-05T07:00:00Z,2026-03-05T08:05:00Z,88b2c55751fffff,88b2c55637fffff,car,leisure,other,Las Condes,Maipú,3.765,-180,STOP_2815,2
m00255,u0082,t00255,0,-70.85643797964248,-33.39706424377455,-70.85563693136237,-33.439086322397934,2026-03-03T00:19:00Z,2026-03-03T00:39:00Z,88b2c551c5fffff,88b2c551b7fffff,motorcycle,health,female,Recoleta,Maipú,2.695,-180,STOP_2728,2
m00256,u0002,t00256,0,-70.65252317622272,-33.538618160462526,-70.63379596272851,-33.535905347625004,2026-03-07T19:06:00Z,2026-03-07T20:24:00Z,88b2c5463bfffff,88b2c54613fffff,bicycle,education,female,Providencia,Providencia,2.822,-180,STOP_4023,1
m00257,u0046,t00257,0,-70.58136924910573,-33.46971452273682,-70.54873432981819,-33.4530913436164,2026-03-06T15:53:00Z,2026-03-06T17:45:00Z,88b2c50b3dfffff,88b2c50b57fffff,motorcycle,transfer,female,Vitacura,Estación Central,2.669,-180,STOP_4572,3
m00258,u0027,t00258,0,-70.63569477011575,-33.50338656727268,-70.65744510606126,-33.5074150059768,2026-03-07T23:53:00Z,2026-03-07T23:58:00Z,88b2c54659fffff,88b2c54643fffff,other,work,unknown,Maipú,Santiago,2.304,-180,STOP_1838,2
m00259,u0012,t00259,0,-70.58720958352492,-33.4034557694899,-70.63739587543435,-33.40365882666678,2026-03-04T04:31:00Z,2026-03-04T04:54:00Z,88b2c556d9fffff,88b2c556edfffff,taxi,leisure,female,Vitacura,Las Condes,2.126,-180,STOP_3183,2
m00260,u0093,t00260,0,-70.69135052833698,-33.47507566716178,-70.71035223785996,-33.4743049377081,2026-03-06T23:20:00Z,2026-03-07T00:47:00Z,88b2c5558bfffff,88b2c5558dfffff,car,education,male,San Miguel,Las Condes,2.986,-180,STOP_1454,3
m00261,u0149,t00261,0,-70.64553529473085,-33.436272560802934,-70.6825831104774,-33.430879175000705,2026-03-05T09:15:00Z,2026-03-05T10:18:00Z,88b2c5541bfffff,88b2c55405fffff,other,transfer,unknown,Recoleta,Quilicura,3.977,-180,STOP_3129,2
m00262,u0077,t00262,0,-70.60812961950175,-33.42208951825635,-70.62233053704242,-33.409131958468066,2026-03-07T22:27:00Z,2026-03-08T00:01:00Z,88b2c55683fffff,88b2c556ebfffff,bicycle,transfer,unknown,Ñuñoa,Maipú,1.536,-180,STOP_2458,3
m00263,u0081,t00263,0,-70.51698469811035,-33.45987432870836,-70.45466446608378,-33.4156048349962,2026-03-01T11:03:00Z,2026-03-01T12:59:00Z,88b2c50a23fffff,88b2c50169fffff,train,other,female,Vitacura,San Miguel,0.864,-180,STOP_0795,0
m00264,u0008,t00264,0,-70.69313525599277,-33.478778531746535,-70.63239316784664,-33.49632573242989,2026-03-07T23:57:00Z,2026-03-08T01:30:00Z,88b2c5558bfffff,88b2c554b3fffff,ride_hailing,education,male,San Miguel,Estación Central,4.589,-180,STOP_1705,3
m00265,u0129,t00265,0,-70.60123177347737,-33.466239546463925,-70.62810728710781,-33.51663870447319,2026-03-02T05:37:00Z,2026-03-02T07:09:00Z,88b2c50b25fffff,88b2c50925fffff,ride_hailing,other,male,Independencia,Estación Central,1.364,-180,STOP_0866,2
m00266,u0007,t00266,0,-70.66008475703111,-33.47706394777353,-70.71082719352653,-33.4294247372325,2026-03-05T07:42:00Z,2026-03-05T08:59:00Z,88b2c554a1fffff,88b2c5555bfffff,train,leisure,female,La Florida,Las Condes,2.763,-180,STOP_0001,2
m00267,u0065,t00267,0,-70.83952552330948,-33.26792681206718,-70.83542534577829,-33.21578999683911,2026-03-03T01:00:00Z,2026-03-03T01:34:00Z,88b2c5c98dfffff,88b2c5c865fffff,bicycle,transfer,male,Puente Alto,Estación Central,3.797,-180,STOP_3853,1
m00268,u0074,t00268,0,-70.7288394244612,-33.48701250578085,-70.72160849554096,-33.52802010162548,2026-03-07T22:56:00Z,2026-03-08T00:34:00Z,88b2c555adfffff,88b2c5470bfffff,motorcycle,transfer,female,Estación Central,La Florida,1.981,-180,STOP_3173,3
m00269,u0127,t00269,0,-70.49916230408161,-33.44774574915507,-70.54332180167138,-33.389911684425876,2026-03-07T08:49:00Z,2026-03-07T09:28:00Z,88b2c50a03fffff,88b2c519c1fffff,walk,home,other,Quilicura,Ñuñoa,4.732,-180,STOP_3579,2
m00270,u0008,t00270,0,-70.67428367945396,-33.51444471066407,-70.72251711955346,-33.52185407052836,2026-03-05T06:35:00Z,2026-03-05T07:56:00Z,88b2c54663fffff,88b2c54709fffff,bicycle,transfer,male,Recoleta,Santiago,2.501,-180,STOP_2948,1
m00271,u0021,t00271,0,-70.63361304745338,-33.512617226840874,-70.64439114267587,-33.52116655400119,2026-03-03T13:32:00Z,2026-03-03T14:34:00Z,88b2c54653fffff,88b2c5461dfffff,motorcycle,leisure,male,Independencia,Providencia,1.005,-180,STOP_3764,0
m00272,u0022,t00272,0,-70.62710887288902,-33.37296286225922,-70.59320736878489,-33.33526109876339,2026-03-04T13:17:00Z,2026-03-04T15:07:00Z,88b2c55657fffff,88b2c5cc9bfffff,train,errand,unknown,Santiago,La Florida,1.166,-180,STOP_1509,3
m00273,u0081,t00273,0,-70.65413724690058,-33.46009771454386,-70.65202736588486,-33.43712183063452,2026-03-06T14:09:00Z,2026-03-06T15:41:00Z,88b2c554e1fffff,88b2c55411fffff,metro,shopping,male,Recoleta,Vitacura,0.919,-180,STOP_4142,1
m00274,u0079,t00274,0,-70.68049125916252,-33.62350850079494,-70.68669474481379,-33.59035197675184,2026-03-01T16:12:00Z,2026-03-01T17:54:00Z,88b2c544a7fffff,88b2c54433fffff,bus,shopping,female,Quilicura,Puente Alto,3.559,-180,STOP_2054,0
m00275,u0031,t00275,0,-70.93423758467631,-33.42963993171489,-70.93867588870923,-33.37885627195241,2026-03-05T15:04:00Z,2026-03-05T16:54:00Z,88b2c55aa9fffff,88b2c55a57fffff,bicycle,education,other,Quilicura,Independencia,0.635,-180,STOP_1852,3
m00276,u0095,t00276,0,-70.58036095874613,-33.34913524781647,-70.57146923051533,-33.34187263288208,2026-03-04T11:42:00Z,2026-03-04T13:28:00Z,88b2c51941fffff,88b2c51b35fffff,scooter,errand,unknown,Las Condes,La Florida,0.53,-180,STOP_4263,1
m00277,u0141,t00277,0,-70.96223060666456,-33.48938464344441,-70.93822300042481,-33.477008627714085,2026-03-06T00:26:00Z,2026-03-06T00:32:00Z,88b2c558a3fffff,88b2c55883fffff,motorcycle,work,male,Providencia,La Florida,0.977,-180,STOP_1921,1
m00278,u0052,t00278,0,-70.75235823080773,-33.480673796839504,-70.69314835714938,-33.4244997153983,2026-03-07T13:31:00Z,2026-03-07T15:09:00Z,88b2c542d5fffff,88b2c55463fffff,motorcycle,shopping,other,Maipú,Vitacura,2.303,-180,STOP_4304,1
m00279,u0098,t00279,0,-70.7763222833555,-33.35625779275894,-70.74829027983105,-33.37455526210987,2026-03-07T07:04:00Z,2026-03-07T08:13:00Z,88b2c552a9fffff,88b2c552b3fffff,metro,other,unknown,Pudahuel,Puente Alto,3.698,-180,STOP_0543,1
m00280,u0060,t00280,0,-70.7336695205195,-33.479274200423895,-70.74862103729784,-33.460507205352386,2026-03-02T12:23:00Z,2026-03-02T12:35:00Z,88b2c542dbfffff,88b2c55531fffff,taxi,home,male,La Florida,Ñuñoa,4.984,-180,STOP_1956,2
m00281,u0146,t00281,0,-70.7185645667051,-33.53183422817167,-70.66255254443041,-33.47818223281143,2026-03-06T23:12:00Z,2026-03-07T00:49:00Z,88b2c5470bfffff,88b2c554a1fffff,motorcycle,home,unknown,Santiago,Santiago,3.571,-180,STOP_0628,1
m00282,u0026,t00282,0,-70.56668189749159,-33.53168196785805,-70.56414667768131,-33.503020145344166,2026-03-06T16:31:00Z,2026-03-06T16:39:00Z,88b2c509c5fffff,88b2c50953fffff,metro,errand,female,Estación Central,Santiago,1.809,-180,STOP_4439,1
m00283,u0081,t00283,0,-70.6452746467194,-33.51348068663307,-70.61876177548667,-33.47240576945263,2026-03-01T15:26:00Z,2026-03-01T17:05:00Z,88b2c54657fffff,88b2c5549dfffff,bus,transfer,unknown,Estación Central,Vitacura,3.457,-180,STOP_2226,1
m00284,u0068,t00284,0,-70.67672286726462,-33.34580761145584,-70.61478075346857,-33.33710381115939,2026-03-03T16:37:00Z,2026-03-03T18:19:00Z,88b2c5cd9dfffff,88b2c5cc83fffff,walk,work,unknown,Estación Central,La Florida,0.982,-180,STOP_3491,0
m00285,u0094,t00285,0,-70.54975480379318,-33.30226912445968,-70.54977023546358,-33.339859529537875,2026-03-03T08:45:00Z,2026-03-03T08:59:00Z,88b2c51b43fffff,88b2c51b3bfffff,metro,health,female,Ñuñoa,San Miguel,4.867,-180,STOP_2059,0
m00286,u0017,t00286,0,-70.6896386250068,-33.438804458770456,-70.70963707373889,-33.46284684823049,2026-03-02T13:13:00Z,2026-03-02T14:16:00Z,88b2c5542bfffff,88b2c555c5fffff,other,transfer,male,Santiago,Santiago,0.746,-180,STOP_4989,1
m00287,u0003,t00287,0,-70.70433037180162,-33.406814261603,-70.68828084794906,-33.45611239532125,2026-03-04T10:45:00Z,2026-03-04T11:00:00Z,88b2c5573bfffff,88b2c555cbfffff,ride_hailing,shopping,unknown,Pudahuel,La Florida,4.891,-180,STOP_4040,1
m00288,u0110,t00288,0,-70.57693476537844,-33.41586293791003,-70.60406420383829,-33.374836502388376,2026-03-08T00:37:00Z,2026-03-08T02:24:00Z,88b2c519a5fffff,88b2c51929fffff,bicycle,leisure,other,La Florida,Providencia,4.632,-180,STOP_1431,1
m00289,u0022,t00289,0,-70.89086594619664,-33.4041843226132,-70.88035811090683,-33.38821970778284,2026-03-05T21:17:00Z,2026-03-05T23:02:00Z,88b2c55ad9fffff,88b2c5513bfffff,train,other,female,Vitacura,Independencia,1.151,-180,STOP_2887,0
m00290,u0069,t00290,0,-70.67382659371793,-33.476718426826515,-70.7603335225407,-33.5282912170988,2026-03-03T03:16:00Z,2026-03-03T04:25:00Z,88b2c555d3fffff,88b2c540dbfffff,bicycle,other,male,Las Condes,La Florida,2.659,-180,STOP_1765,0
m00291,u0126,t00291,0,-70.7917191660531,-33.43334535083889,-70.82785300492492,-33.458235179399786,2026-03-07T06:50:00Z,2026-03-07T07:47:00Z,88b2c5425dfffff,88b2c54229fffff,motorcycle,education,unknown,Quilicura,Quilicura,4.748,-180,STOP_1359,2
m00292,u0025,t00292,0,-70.67995350134933,-33.359015184848445,-70.69456262870553,-33.36297250569781,2026-03-06T21:27:00Z,2026-03-06T23:26:00Z,88b2c5cdbbfffff,88b2c5cdb1fffff,motorcycle,errand,other,Vitacura,Puente Alto,1.006,-180,STOP_3787,0
m00293,u0138,t00293,0,-70.58177508301553,-33.545776446464586,-70.57608627046731,-33.575733427029064,2026-03-06T20:01:00Z,2026-03-06T20:07:00Z,88b2c509e7fffff,88b2c5734bfffff,car,health,male,Las Condes,Estación Central,1.052,-180,STOP_3736,1
m00294,u0121,t00294,0,-70.52927600327163,-33.376708588329315,-70.48979453150746,-33.39031975122432,2026-03-03T09:08:00Z,2026-03-03T09:31:00Z,88b2c51835fffff,88b2c518e3fffff,motorcycle,shopping,female,Las Condes,Santiago,3.179,-180,STOP_0381,0
m00295,u0066,t00295,0,-70.67126473545086,-33.49077365398801,-70.7710353592048,-33.50601279158905,2026-03-01T14:56:00Z,2026-03-01T16:23:00Z,88b2c5559bfffff,88b2c542b9fffff,train,home,unknown,Maipú,Pudahuel,4.818,-180,STOP_4415,0
m00296,u0095,t00296,0,-70.83040747697116,-33.312579592112016,-70.80239250069039,-33.357446106744575,2026-03-02T06:18:00Z,2026-03-02T07:31:00Z,88b2c5535bfffff,88b2c55057fffff,taxi,work,other,La Florida,La Florida,3.74,-180,STOP_2714,2
m00297,u0043,t00297,0,-70.70641241801368,-33.396224930947625,-70.69842834635072,-33.356776831336106,2026-03-04T17:15:00Z,2026-03-04T18:19:00Z,88b2c55703fffff,88b2c5cdbdfffff,taxi,work,unknown,Estación Central,Estación Central,0.997,-180,STOP_1465,3
m00298,u0054,t00298,0,-70.59528682471586,-33.53428427185489,-70.69812220528011,-33.54088496640125,2026-03-08T01:39:00Z,2026-03-08T02:45:00Z,88b2c50933fffff,88b2c5471bfffff,taxi,home,male,Estación Central,La Florida,0.87,-180,STOP_3923,1
m00299,u0114,t00299,0,-70.55343297461651,-33.37478996104319,-70.51941405098064,-33.32297547477374,2026-03-04T00:45:00Z,2026-03-04T02:12:00Z,88b2c5191bfffff,88b2c51a27fffff,bus,shopping,other,San Miguel,Recoleta,4.582,-180,STOP_1827,3
