id,name,lat,lon
88b2c50823fffff,88b2c50823fffff,-33.51227966770269,-70.54760669266443
88b2c50825fffff,88b2c50825fffff,-33.50829832712871,-70.56274464621957
88b2c50827fffff,88b2c50827fffff,-33.51386901839651,-70.5570651349065
88b2c50829fffff,88b2c50829fffff,-33.49954916537369,-70.54950715533299
88b2c5082dfffff,88b2c5082dfffff,-33.50113824363565,-70.55896525782033
88b2c50835fffff,88b2c50835fffff,-33.51784893988491,-70.54192738509241
88b2c5083dfffff,88b2c5083dfffff,-33.510689671130834,-70.53814903130804
88b2c50841fffff,88b2c50841fffff,-33.47647394984072,-70.52871696762092
88b2c50843fffff,88b2c50843fffff,-33.48204572554719,-70.52303884676749
88b2c50845fffff,88b2c50845fffff,-33.478064232228476,-70.53817260851972
88b2c50847fffff,88b2c50847fffff,-33.48363646702857,-70.53249426658653
88b2c50849fffff,88b2c50849fffff,-33.469310746287555,-70.52493999165972
88b2c5084dfffff,88b2c5084dfffff,-33.47090121443489,-70.53439507222691
88b2c50861fffff,88b2c50861fffff,-33.48681601462611,-70.55140744997742
88b2c50865fffff,88b2c50865fffff,-33.48840482028985,-70.56086521271233
88b2c50867fffff,88b2c50867fffff,-33.49397747272779,-70.55518619240911
88b2c50869fffff,88b2c50869fffff,-33.47965386955163,-70.54762903051669
88b2c5086dfffff,88b2c5086dfffff,-33.48124286158406,-70.55708623319339
88b2c50901fffff,88b2c50901fffff,-33.50748809527835,-70.59680546658461
88b2c50903fffff,88b2c50903fffff,-33.51306112405717,-70.59112531341387
88b2c50905fffff,88b2c50905fffff,-33.50907394170832,-70.60626746638216
88b2c50907fffff,88b2c50907fffff,-33.514647429734204,-70.6005870942032
88b2c50909fffff,88b2c50909fffff,-33.50032807263621,-70.5930241618691
88b2c5090bfffff,88b2c5090bfffff,-33.505901602030306,-70.58734424540995
88b2c5090dfffff,88b2c5090dfffff,-33.50191410665218,-70.60248560215756
88b2c50911fffff,88b2c50911fffff,-33.51704578124554,-70.57598436037195
88b2c50913fffff,88b2c50913fffff,-33.52261643098725,-70.57030439201623
88b2c50915fffff,88b2c50915fffff,-33.51863319294876,-70.5854451427569
88b2c50917fffff,88b2c50917fffff,-33.524204301913386,-70.5797649547253
88b2c50919fffff,88b2c50919fffff,-33.509886572528565,-70.57220408900247
88b2c5091bfffff,88b2c5091bfffff,-33.51545772298615,-70.56652435761538
88b2c5091dfffff,88b2c5091dfffff,-33.51147417158001,-70.58166431154038
88b2c50921fffff,88b2c50921fffff,-33.51781809978515,-70.61951299084954
88b2c50923fffff,88b2c50923fffff,-33.52339154646287,-70.61383216348489
88b2c50925fffff,88b2c50925fffff,-33.51940246370788,-70.62897710586594
88b2c50927fffff,88b2c50927fffff,-33.524976369683415,-70.62329606018506
88b2c50929fffff,88b2c50929fffff,-33.51065914109456,-70.61573024438263
88b2c5092bfffff,88b2c5092bfffff,-33.51623308838541,-70.61004965348849
88b2c5092dfffff,88b2c5092dfffff,-33.5122436932115,-70.62519380016568
88b2c50931fffff,88b2c50931fffff,-33.527378103247926,-70.59868841822866
88b2c50933fffff,88b2c50933fffff,-33.53294917073995,-70.59300777408617
88b2c50935fffff,88b2c50935fffff,-33.52896403320471,-70.6081513181833
88b2c50937fffff,88b2c50937fffff,-33.53453555997083,-70.60247045505642
88b2c50939fffff,88b2c50939fffff,-33.52021995786989,-70.59490670435062
88b2c5093bfffff,88b2c5093bfffff,-33.52579152607556,-70.58922629693602
88b2c5093dfffff,88b2c5093dfffff,-33.52180607578316,-70.6043690447333
88b2c50941fffff,88b2c50941fffff,-33.48759237228571,-70.59492284231985
88b2c50943fffff,88b2c50943fffff,-33.493167362028565,-70.58924318004824
88b2c50945fffff,88b2c50945fffff,-33.48917813447482,-70.6043839421099
88b2c50947fffff,88b2c50947fffff,-33.494753583437685,-70.59870406080627
88b2c50949fffff,88b2c50949fffff,-33.48043047341722,-70.59114194668993
88b2c5094bfffff,88b2c5094bfffff,-33.48600596367632,-70.58546252111364
88b2c5094dfffff,88b2c5094dfffff,-33.48201642282156,-70.60060248703373
88b2c50953fffff,88b2c50953fffff,-33.50272667598307,-70.56842414060837
88b2c50955fffff,88b2c50955fffff,-33.49874139200998,-70.58356350033046
88b2c50957fffff,88b2c50957fffff,-33.50431446218994,-70.577883803278
88b2c5095bfffff,88b2c5095bfffff,-33.495566091829865,-70.56464451518114
88b2c5095dfffff,88b2c5095dfffff,-33.49158049421701,-70.57978307816694
88b2c50961fffff,88b2c50961fffff,-33.497924086145844,-70.61762815727299
88b2c50963fffff,88b2c50963fffff,-33.50349949383218,-70.61194782077597
88b2c50965fffff,88b2c50965fffff,-33.49950836699374,-70.62709137214141
88b2c50967fffff,88b2c50967fffff,-33.505084233950626,-70.62141081730415
88b2c50969fffff,88b2c50969fffff,-33.49076325001794,-70.61384582006389
88b2c5096bfffff,88b2c5096bfffff,-33.49633915821866,-70.60816572002119
88b2c5096dfffff,88b2c5096dfffff,-33.49234771868958,-70.62330847576166
88b2c50985fffff,88b2c50985fffff,-33.548068198806774,-70.56650449388911
88b2c50987fffff,88b2c50987fffff,-33.55363496677008,-70.56082400033822
88b2c50989fffff,88b2c50989fffff,-33.53932262027478,-70.55326438494089
88b2c5098dfffff,88b2c5098dfffff,-33.540911868850216,-70.56272428749841
88b2c50995fffff,88b2c50995fffff,-33.55761079502722,-70.54568346791658
88b2c509a1fffff,88b2c509a1fffff,-33.55681206648676,-70.57974682652798
88b2c509a3fffff,88b2c509a3fffff,-33.562378792781956,-70.57406587594875
88b2c509a5fffff,88b2c509a5fffff,-33.55839964543232,-70.58920940939338
88b2c509a7fffff,88b2c509a7fffff,-33.56396683100401,-70.58352823918557
88b2c509a9fffff,88b2c509a9fffff,-33.54965661298427,-70.57596573694761
88b2c509abfffff,88b2c509abfffff,-33.55522384019069,-70.57028502336972
88b2c509adfffff,88b2c509adfffff,-33.551244380018865,-70.58542775984
88b2c509b1fffff,88b2c509b1fffff,-33.56635541405655,-70.55892354508603
88b2c509b3fffff,88b2c509b3fffff,-33.57191976063828,-70.55324278060348
88b2c509b5fffff,88b2c509b5fffff,-33.56794455886546,-70.56838490821387
88b2c509b7fffff,88b2c509b7fffff,-33.57350936469843,-70.56270392343501
88b2c509b9fffff,88b2c509b9fffff,-33.559200774567465,-70.55514348989485
88b2c509bdfffff,88b2c509bdfffff,-33.56079010722775,-70.56460429271199
88b2c509c1fffff,88b2c509c1fffff,-33.52659714409996,-70.55516484395271
88b2c509c3fffff,88b2c509c3fffff,-33.53216541467741,-70.54948506190027
88b2c509c5fffff,88b2c509c5fffff,-33.52818612076559,-70.56462440658476
88b2c509c7fffff,88b2c509c7fffff,-33.53375485054118,-70.55894440418912
88b2c509c9fffff,88b2c509c9fffff,-33.519438749746946,-70.55138560678067
88b2c509cdfffff,88b2c509cdfffff,-33.52102791352309,-70.56084460922827
88b2c509e1fffff,88b2c509e1fffff,-33.53693178253831,-70.57786542986707
88b2c509e3fffff,88b2c509e3fffff,-33.54250047071646,-70.57218497043593
88b2c509e5fffff,88b2c509e5fffff,-33.53851927821963,-70.58732711241744
88b2c509e7fffff,88b2c509e7fffff,-33.544088425647494,-70.58164643333404
88b2c509e9fffff,88b2c509e9fffff,-33.529774450911454,-70.57408474943064
88b2c509ebfffff,88b2c509ebfffff,-33.535343639903495,-70.56840452698448
88b2c509edfffff,88b2c509edfffff,-33.53136213431155,-70.58354587207099
88b2c50a23fffff,88b2c50a23fffff,-33.46214685659056,-70.5211633386943
88b2c50a25fffff,88b2c50a25fffff,-33.45816331470454,-70.53629570987482
88b2c50a27fffff,88b2c50a27fffff,-33.46373751030426,-70.53061785890895
88b2c50a2bfffff,88b2c50a2bfffff,-33.45498228097125,-70.51738700871599
88b2c50a2dfffff,88b2c50a2dfffff,-33.45099842395251,-70.53251858221243
88b2c50a65fffff,88b2c50a65fffff,-33.43825669126242,-70.53441913754945
88b2c50b01fffff,88b2c50b01fffff,-33.45735349724349,-70.5703431140686
88b2c50b03fffff,88b2c50b03fffff,-33.46293002973945,-70.56466461850326
88b2c50b05fffff,88b2c50b05fffff,-33.45894065272428,-70.57980119685476
88b2c50b07fffff,88b2c50b07fffff,-33.4645176443627,-70.57412248154279
88b2c50b09fffff,88b2c50b09fffff,-33.450188663486045,-70.56656406943839
88b2c50b0bfffff,88b2c50b0bfffff,-33.45576569639996,-70.56088581079251
88b2c50b0dfffff,88b2c50b0dfffff,-33.45177600520202,-70.57602159256643
88b2c50b11fffff,88b2c50b11fffff,-33.46691688355993,-70.54952924297105
88b2c50b13fffff,88b2c50b13fffff,-33.472491037725646,-70.54385093401838
88b2c50b15fffff,88b2c50b15fffff,-33.46850560264958,-70.55898610598182
88b2c50b17fffff,88b2c50b17fffff,-33.474080215933654,-70.5533075766158
88b2c50b19fffff,88b2c50b19fffff,-33.45975286468434,-70.5457512322506
88b2c50b1bfffff,88b2c50b1bfffff,-33.46532751936947,-70.54007316047395
88b2c50b1dfffff,88b2c50b1dfffff,-33.46134176977133,-70.55520753526625
88b2c50b21fffff,88b2c50b21fffff,-33.46769093667115,-70.5930405453531
88b2c50b23fffff,88b2c50b23fffff,-33.47326788705331,-70.58736137390807
88b2c50b25fffff,88b2c50b25fffff,-33.46927661390481,-70.60250074528511
88b2c50b27fffff,88b2c50b27fffff,-33.474854023479935,-70.59682135478425
88b2c50b29fffff,88b2c50b29fffff,-33.4605271626165,-70.58926005873182
88b2c50b2bfffff,88b2c50b2bfffff,-33.46610461341521,-70.58358112396581
88b2c50b2dfffff,88b2c50b2dfffff,-33.4621130266944,-70.59871969928045
88b2c50b31fffff,88b2c50b31fffff,-33.47725663619703,-70.57222320255396
88b2c50b33fffff,88b2c50b33fffff,-33.482831208099626,-70.5665442161311
88b2c50b35fffff,88b2c50b35fffff,-33.47884387780047,-70.58168218505683
88b2c50b37fffff,88b2c50b37fffff,-33.48441890887235,-70.5760029789109
88b2c50b39fffff,88b2c50b39fffff,-33.470093676412304,-70.56844374908756
88b2c50b3bfffff,88b2c50b3bfffff,-33.475668748832774,-70.5627649996006
88b2c50b3dfffff,88b2c50b3dfffff,-33.47168110462217,-70.57790217186937
88b2c50b41fffff,88b2c50b41fffff,-33.43744465055005,-70.56846335242408
88b2c50b43fffff,88b2c50b43fffff,-33.44302314331206,-70.56278534764358
88b2c50b45fffff,88b2c50b45fffff,-33.43903171919241,-70.57792053564302
88b2c50b47fffff,88b2c50b47fffff,-33.44461067107002,-70.57224231109237
88b2c50b49fffff,88b2c50b49fffff,-33.430277943863985,-70.56468471655312
88b2c50b4bfffff,88b2c50b4bfffff,-33.435856936943296,-70.55900694867573
88b2c50b4dfffff,88b2c50b4dfffff,-33.43186519836999,-70.57414134017692
88b2c50b51fffff,88b2c50b51fffff,-33.44701204481597,-70.54765136251068
88b2c50b53fffff,88b2c50b53fffff,-33.45258815952842,-70.54197354444588
88b2c50b55fffff,88b2c50b55fffff,-33.44860067661539,-70.55710732594686
88b2c50b57fffff,88b2c50b57fffff,-33.45417725041959,-70.55142928744537
88b2c50b59fffff,88b2c50b59fffff,-33.43984615318224,-70.5438737604536
88b2c50b5bfffff,88b2c50b5bfffff,-33.44542276831383,-70.53819617954835
88b2c50b5dfffff,88b2c50b5dfffff,-33.44143497060746,-70.55332916395777
88b2c50b61fffff,88b2c50b61fffff,-33.447783790842685,-70.59115857560307
88b2c50b63fffff,88b2c50b63fffff,-33.453362701537415,-70.58547989491201
88b2c50b65fffff,88b2c50b65fffff,-33.44936938240588,-70.60061787582653
88b2c50b67fffff,88b2c50b67fffff,-33.45494875226652,-70.5949389760559
88b2c50b69fffff,88b2c50b69fffff,-33.44061814264454,-70.58737849791356
88b2c50b6bfffff,88b2c50b6bfffff,-33.446197553655495,-70.58170005388523
88b2c50b6dfffff,88b2c50b6dfffff,-33.44220392068074,-70.59683723881643
88b2c51801fffff,88b2c51801fffff,-33.35698344159463,-70.51746586416702
88b2c51803fffff,88b2c51803fffff,-33.362566977318025,-70.51179068816559
88b2c51807fffff,88b2c51807fffff,-33.364157181430535,-70.52124071260226
88b2c51809fffff,88b2c51809fffff,-33.349809018235504,-70.513691338456
88b2c5180bfffff,88b2c5180bfffff,-33.35539305397039,-70.50801639978745
88b2c5180dfffff,88b2c5180dfffff,-33.3513989469393,-70.52314102415866
88b2c51811fffff,88b2c51811fffff,-33.36655824861223,-70.4966664750923
88b2c51815fffff,88b2c51815fffff,-33.368149554068246,-70.50611549626564
88b2c51819fffff,88b2c51819fffff,-33.359384642031834,-70.49289298440989
88b2c5181dfffff,88b2c5181dfffff,-33.36097613077635,-70.50234144529581
88b2c51825fffff,88b2c51825fffff,-33.36892393693128,-70.54959547114001
88b2c5182dfffff,88b2c5182dfffff,-33.361750748881455,-70.54581894328815
88b2c51831fffff,88b2c51831fffff,-33.3769127731318,-70.51934023319133
88b2c51835fffff,88b2c51835fffff,-33.37850260963956,-70.52879137767974
88b2c51839fffff,88b2c51839fffff,-33.36974021711291,-70.51556529929735
88b2c51843fffff,88b2c51843fffff,-33.34263391157667,-70.5099171354605
88b2c51847fffff,88b2c51847fffff,-33.344224023613044,-70.5193662611901
88b2c51849fffff,88b2c51849fffff,-33.329872127374166,-70.5118177033028
88b2c5184bfffff,88b2c5184bfffff,-33.335458121841704,-70.50614325517193
88b2c5184dfffff,88b2c5184dfffff,-33.331461963655215,-70.52126649038462
88b2c51857fffff,88b2c51857fffff,-33.35380202412553,-70.49856771710034
88b2c51863fffff,88b2c51863fffff,-33.35298823317855,-70.53259149084506
88b2c51867fffff,88b2c51867fffff,-33.35457687672717,-70.54204273809779
88b2c5186dfffff,88b2c5186dfffff,-33.34181544935311,-70.54394220385647
88b2c518adfffff,88b2c518adfffff,-33.40082499689045,-70.50608773008184
88b2c518e1fffff,88b2c518e1fffff,-33.38648356989172,-70.49853896398415
88b2c518e7fffff,88b2c518e7fffff,-33.39365462543454,-70.50231318560343
88b2c518edfffff,88b2c518edfffff,-33.38090341138447,-70.50421442487698
88b2c51911fffff,88b2c51911fffff,-33.37768388824868,-70.56282602772382
88b2c51913fffff,88b2c51913fffff,-33.38326825982486,-70.5571494948623
88b2c51915fffff,88b2c51915fffff,-33.37927069207611,-70.57228051313781
88b2c51917fffff,88b2c51917fffff,-33.38485552268726,-70.56660376043567
88b2c51925fffff,88b2c51925fffff,-33.3800238392249,-70.6157838512374
88b2c51933fffff,88b2c51933fffff,-33.39361290591022,-70.5798374199765
88b2c51935fffff,88b2c51935fffff,-33.38961344651473,-70.59497123083511
88b2c51937fffff,88b2c51937fffff,-33.395198695251636,-70.58929380282002
88b2c51939fffff,88b2c51939fffff,-33.380856851909954,-70.5817357774853
88b2c5193bfffff,88b2c5193bfffff,-33.38644214157351,-70.57605880523475
88b2c5193dfffff,88b2c5193dfffff,-33.38244236752456,-70.59119182034749
88b2c51981fffff,88b2c51981fffff,-33.407185253961025,-70.54389658090344
88b2c51983fffff,88b2c51983fffff,-33.41276528878103,-70.53821974439637
88b2c51985fffff,88b2c51985fffff,-33.40877370902981,-70.55335074563905
88b2c51987fffff,88b2c51987fffff,-33.414354202888305,-70.5476736886487
88b2c51989fffff,88b2c51989fffff,-33.40001561994987,-70.54011979594247
88b2c5198bfffff,88b2c5198bfffff,-33.40559615498657,-70.53444319656202
88b2c51995fffff,88b2c51995fffff,-33.41834436431989,-70.5325428914625
88b2c51997fffff,88b2c51997fffff,-33.42392248053693,-70.52686602221316
88b2c51999fffff,88b2c51999fffff,-33.40958552912903,-70.51931419836826
88b2c5199dfffff,88b2c5199dfffff,-33.41117573078589,-70.52876658083028
88b2c519a1fffff,88b2c519a1fffff,-33.417530098535096,-70.5665839175392
88b2c519a3fffff,88b2c519a3fffff,-33.4231105512338,-70.56090640347095
88b2c519a5fffff,88b2c519a5fffff,-33.41911707962272,-70.5760402013404
88b2c519a9fffff,88b2c519a9fffff,-33.41036151996691,-70.56280569035063
88b2c519abfffff,88b2c519abfffff,-33.41594247288165,-70.5571284131691
88b2c519adfffff,88b2c519adfffff,-33.411948686546445,-70.57226141461966
88b2c519b1fffff,88b2c519b1fffff,-33.427101500809066,-70.54577380851516
88b2c519b3fffff,88b2c519b3fffff,-33.43267957574027,-70.54009648126556
88b2c519b5fffff,88b2c519b5fffff,-33.4286900446017,-70.55522887252631
88b2c519b9fffff,88b2c519b9fffff,-33.419933737462664,-70.54199661504457
88b2c519bbfffff,88b2c519bbfffff,-33.4255123127121,-70.53631952493807
88b2c519bdfffff,88b2c519bdfffff,-33.421522466509316,-70.55145111918681
88b2c519c1fffff,88b2c519c1fffff,-33.38726330670054,-70.54201967959442
88b2c519c5fffff,88b2c519c5fffff,-33.38885167232796,-70.55147294520398
88b2c519c7fffff,88b2c519c7fffff,-33.39443412571667,-70.54579637886025
88b2c519c9fffff,88b2c519c9fffff,-33.38009180307505,-70.53824330306624
88b2c519cbfffff,88b2c519cbfffff,-33.385674297566375,-70.5325671943392
88b2c519cdfffff,88b2c519cdfffff,-33.38168035321216,-70.54769600893307
88b2c519d1fffff,88b2c519d1fffff,-33.396836409182306,-70.52121492806154
88b2c519d3fffff,88b2c519d3fffff,-33.40241602622506,-70.51553877073358
88b2c519d5fffff,88b2c519d5fffff,-33.398426336301725,-70.53066697153294
88b2c519d7fffff,88b2c519d7fffff,-33.40400641233253,-70.52499059303283
88b2c519dbfffff,88b2c519dbfffff,-33.395245838817814,-70.5117636659459
88b2c519ddfffff,88b2c519ddfffff,-33.39125583294913,-70.5268910693005
88b2c519e1fffff,88b2c519e1fffff,-33.397609843623904,-70.56470480933282
88b2c519e3fffff,88b2c519e3fffff,-33.403192255928005,-70.55902778590423
88b2c519e5fffff,88b2c519e5fffff,-33.399196736440054,-70.57416019386572
88b2c519e7fffff,88b2c519e7fffff,-33.40477960780601,-70.56848295061995
88b2c519e9fffff,88b2c519e9fffff,-33.39043939422261,-70.56092699074976
88b2c519ebfffff,88b2c519ebfffff,-33.39602230664081,-70.55525020419152
88b2c519edfffff,88b2c519edfffff,-33.39202647215864,-70.57038181581346
88b2c51a27fffff,88b2c51a27fffff,-33.32428517414949,-70.51749213553879
88b2c51b15fffff,88b2c51b15fffff,-33.3290513798287,-70.5458415018012
88b2c51b3bfffff,88b2c51b3bfffff,-33.33622761920444,-70.54961753562216
88b2c54003fffff,88b2c54003fffff,-33.50713847552117,-70.82977801215831
88b2c54015fffff,88b2c54015fffff,-33.51272691089066,-70.82409345243487
88b2c5401bfffff,88b2c5401bfffff,-33.50958512986424,-70.8051371280633
88b2c5401dfffff,88b2c5401dfffff,-33.50556837030631,-70.82029925362596
88b2c54039fffff,88b2c54039fffff,-33.51429682408553,-70.83357276724587
88b2c54057fffff,88b2c54057fffff,-33.49840913785405,-70.81650537709744
88b2c54083fffff,88b2c54083fffff,-33.546237368288274,-70.78998563388075
88b2c54087fffff,88b2c54087fffff,-33.54781003915806,-70.79946367453147
88b2c54089fffff,88b2c54089fffff,-33.53349865191047,-70.79187729697911
88b2c5408bfffff,88b2c5408bfffff,-33.539081828849284,-70.78619284080519
88b2c54097fffff,88b2c54097fffff,-33.55739984172616,-70.77861618839296
88b2c54099fffff,88b2c54099fffff,-33.543090072207995,-70.7710318631456
88b2c5409bfffff,88b2c5409bfffff,-33.548670869748584,-70.76534757798483
88b2c5409dfffff,88b2c5409dfffff,-33.544664045896965,-70.7805083632772
88b2c540b9fffff,88b2c540b9fffff,-33.553392215472634,-70.79377874942779
88b2c540bbfffff,88b2c540bbfffff,-33.55897343181053,-70.78809380281716
88b2c540c1fffff,88b2c540c1fffff,-33.520757283149706,-70.7937687921305
88b2c540c3fffff,88b2c540c3fffff,-33.52634192016584,-70.78808459185655
88b2c540c7fffff,88b2c540c7fffff,-33.52791451512203,-70.79756173168724
88b2c540c9fffff,88b2c540c9fffff,-33.51359935941776,-70.78997617496856
88b2c540cbfffff,88b2c540cbfffff,-33.51918449663376,-70.78429220915923
88b2c540cdfffff,88b2c540cdfffff,-33.51517168636856,-70.79945297090336
88b2c540d1fffff,88b2c540d1fffff,-33.53035189173307,-70.77292421371358
88b2c540d3fffff,88b2c540d3fffff,-33.535934149533304,-70.76724018430076
88b2c540d5fffff,88b2c540d5fffff,-33.53192559737527,-70.78240037019323
88b2c540d7fffff,88b2c540d7fffff,-33.53750831473647,-70.7767161272523
88b2c540d9fffff,88b2c540d9fffff,-33.523194777106596,-70.76913262265307
88b2c540dbfffff,88b2c540dbfffff,-33.52877753520784,-70.7634488279646
88b2c540ddfffff,88b2c540ddfffff,-33.52476867408607,-70.77860822203698
88b2c54205fffff,88b2c54205fffff,-33.45298811011389,-70.81838249367246
88b2c5422bfffff,88b2c5422bfffff,-33.46015160739942,-70.82217578344982
88b2c54251fffff,88b2c54251fffff,-33.44111039745005,-70.786165966026
88b2c54253fffff,88b2c54253fffff,-33.44670287269837,-70.78048372655172
88b2c54259fffff,88b2c54259fffff,-33.43394494811403,-70.78237498966905
88b2c54269fffff,88b2c54269fffff,-33.43463333706338,-70.82595521516446
88b2c54281fffff,88b2c54281fffff,-33.490547889032655,-70.76912590246444
88b2c54283fffff,88b2c54283fffff,-33.49613406717725,-70.76344285381091
88b2c54285fffff,88b2c54285fffff,-33.492121439865535,-70.7786002577724
88b2c54287fffff,88b2c54287fffff,-33.49770807751334,-70.77291699553977
88b2c54289fffff,88b2c54289fffff,-33.48338700986577,-70.7653351317748
88b2c5428bfffff,88b2c5428bfffff,-33.488973688113234,-70.75965231781447
88b2c5428dfffff,88b2c5428dfffff,-33.4849607512971,-70.7748089301106
88b2c54291fffff,88b2c54291fffff,-33.500144165797764,-70.7482866275475
88b2c54293fffff,88b2c54293fffff,-33.50572796515134,-70.74260375146427
88b2c54295fffff,88b2c54295fffff,-33.50171928568902,-70.75775978426172
88b2c54297fffff,88b2c54297fffff,-33.50730354452623,-70.75207669392857
88b2c54299fffff,88b2c54299fffff,-33.492984096519216,-70.74449688363525
88b2c5429bfffff,88b2c5429bfffff,-33.49856839607729,-70.73881424250449
88b2c5429dfffff,88b2c5429dfffff,-33.49455940677118,-70.75396948303481
88b2c542a3fffff,88b2c542a3fffff,-33.50644074414626,-70.78618388019348
88b2c542a7fffff,88b2c542a7fffff,-33.50801326247984,-70.7956601193532
88b2c542a9fffff,88b2c542a9fffff,-33.493694340387925,-70.78807538331417
88b2c542abfffff,88b2c542abfffff,-33.4992814375554,-70.78239190779738
88b2c542b1fffff,88b2c542b1fffff,-33.510452752941774,-70.77102489306002
88b2c542b3fffff,88b2c542b3fffff,-33.51603697107702,-70.76534135406291
88b2c542b5fffff,88b2c542b5fffff,-33.51202638153421,-70.78050014887926
88b2c542b7fffff,88b2c542b7fffff,-33.517611059201556,-70.77481639632856
88b2c542b9fffff,88b2c542b9fffff,-33.503293755526904,-70.76723371222344
88b2c542bbfffff,88b2c542bbfffff,-33.508878473864435,-70.7615504079351
88b2c542bdfffff,88b2c542bdfffff,-33.50486757508732,-70.77670841100874
88b2c542c3fffff,88b2c542c3fffff,-33.47622544023333,-70.76154468346293
88b2c542c9fffff,88b2c542c9fffff,-33.46347454252699,-70.76343688122533
88b2c542cbfffff,88b2c542cbfffff,-33.46906318035609,-70.75775455752088
88b2c542d1fffff,88b2c542d1fffff,-33.48023757759017,-70.74638984788847
88b2c542d3fffff,88b2c542d3fffff,-33.48582333691111,-70.74070746218383
88b2c542d5fffff,88b2c542d5fffff,-33.48181261855542,-70.75586210422615
88b2c542d7fffff,88b2c542d7fffff,-33.487398837331355,-70.75017950424638
88b2c542d9fffff,88b2c542d9fffff,-33.47307562776836,-70.74260051395306
88b2c542dbfffff,88b2c542dbfffff,-33.47866188719414,-70.73691836318523
88b2c542ddfffff,88b2c542ddfffff,-33.474650858724516,-70.75207221303803
88b2c54351fffff,88b2c54351fffff,-33.45209951768036,-70.8524983602578
88b2c54353fffff,88b2c54353fffff,-33.45769520951034,-70.84681463626596
88b2c54359fffff,88b2c54359fffff,-33.44493540337964,-70.84870349108371
88b2c5435bfffff,88b2c5435bfffff,-33.45053159490333,-70.84302000074554
88b2c54401fffff,88b2c54401fffff,-33.56866704141644,-70.68956136047476
88b2c54405fffff,88b2c54405fffff,-33.57024702513927,-70.69903270856524
88b2c54407fffff,88b2c54407fffff,-33.57582022415356,-70.69334916132784
88b2c54409fffff,88b2c54409fffff,-33.56151316760501,-70.68577388243112
88b2c5440bfffff,88b2c5440bfffff,-33.567086407845444,-70.68009078716544
88b2c5440dfffff,88b2c5440dfffff,-33.56309334171435,-70.69524467205783
88b2c54411fffff,88b2c54411fffff,-33.5782300078001,-70.66872453897969
88b2c54413fffff,88b2c54413fffff,-33.583800367434726,-70.6630413862831
88b2c54415fffff,88b2c54415fffff,-33.579811560286984,-70.6781946790906
88b2c54417fffff,88b2c54417fffff,-33.58538237937573,-70.67251130951301
88b2c54419fffff,88b2c54419fffff,-33.571076945287984,-70.66493809133794
88b2c5441bfffff,88b2c5441bfffff,-33.576647805725365,-70.65925517466042
88b2c5441dfffff,88b2c5441dfffff,-33.572658687923756,-70.67440767264438
88b2c54421fffff,88b2c54421fffff,-33.57897916016142,-70.71229374862243
88b2c54423fffff,88b2c54423fffff,-33.58455231797024,-70.70660974995053
88b2c54427fffff,88b2c54427fffff,-33.58613126985587,-70.71608298900411
88b2c54429fffff,88b2c54429fffff,-33.571826358789025,-70.70850483101425
88b2c5442bfffff,88b2c5442bfffff,-33.57740001729766,-70.70282106786009
88b2c54431fffff,88b2c54431fffff,-33.58854445364711,-70.69145348254135
88b2c54433fffff,88b2c54433fffff,-33.594115231408175,-70.68576966060033
88b2c54435fffff,88b2c54435fffff,-33.59012451552748,-70.70092573149499
88b2c54437fffff,88b2c54437fffff,-33.59569575279325,-70.69524169336762
88b2c54439fffff,88b2c54439fffff,-33.58139246296095,-70.68766559457102
88b2c5443bfffff,88b2c5443bfffff,-33.58696374152154,-70.68198200840654
88b2c5443dfffff,88b2c5443dfffff,-33.58297271559701,-70.69713728499855
88b2c54441fffff,88b2c54441fffff,-33.54878390194306,-70.6876695673728
88b2c54443fffff,88b2c54443fffff,-33.55435860293877,-70.6819867271888
88b2c54445fffff,88b2c54445fffff,-33.55036380679785,-70.69714001474952
88b2c54447fffff,88b2c54447fffff,-33.55593896724242,-70.69145695832974
88b2c54449fffff,88b2c54449fffff,-33.54162814603602,-70.68388249917886
88b2c5444bfffff,88b2c5444bfffff,-33.54720334763739,-70.67819989473955
88b2c54451fffff,88b2c54451fffff,-33.558350870688834,-70.66683462832819
88b2c54453fffff,88b2c54453fffff,-33.56392319205879,-70.6611519665795
88b2c54455fffff,88b2c54455fffff,-33.55993234385483,-70.67630386771383
88b2c54457fffff,88b2c54457fffff,-33.56550512465122,-70.67062098905964
88b2c54459fffff,88b2c54459fffff,-33.551195926256234,-70.66304859044178
88b2c5445bfffff,88b2c5445bfffff,-33.55676874833206,-70.6573661646962
88b2c5445dfffff,88b2c5445dfffff,-33.552777589201696,-70.67251727108543
88b2c54461fffff,88b2c54461fffff,-33.559097746649975,-70.71039974403472
88b2c54463fffff,88b2c54463fffff,-33.56467286595801,-70.70471623617145
88b2c54467fffff,88b2c54467fffff,-33.56625174011118,-70.71418857434925
88b2c5446dfffff,88b2c5446dfffff,-33.55352166725543,-70.71608323204333
88b2c54491fffff,88b2c54491fffff,-33.617202357960124,-70.62894207669072
88b2c54493fffff,88b2c54493fffff,-33.62276599480241,-70.62325879389944
88b2c54495fffff,88b2c54495fffff,-33.61878712656729,-70.63841069469007
88b2c54497fffff,88b2c54497fffff,-33.62435122284352,-70.63272719370303
88b2c54499fffff,88b2c54499fffff,-33.61005280195199,-70.62515728277995
88b2c5449bfffff,88b2c5449bfffff,-33.615616939891325,-70.6194742365401
88b2c544a5fffff,88b2c544a5fffff,-33.61955280714588,-70.68197728838524
88b2c544a7fffff,88b2c544a7fffff,-33.625119701870474,-70.6762929367435
88b2c544c1fffff,88b2c544c1fffff,-33.58778664584351,-70.64788928488485
88b2c544c5fffff,88b2c544c5fffff,-33.58936976678809,-70.65735821466632
88b2c544c9fffff,88b2c544c9fffff,-33.580634395067854,-70.644103868502
88b2c544cbfffff,88b2c544cbfffff,-33.58620287557204,-70.6384211319047
88b2c544cdfffff,88b2c544cdfffff,-33.582217705923696,-70.65357223913881
88b2c544d1fffff,88b2c544d1fffff,-33.59733695559616,-70.62705560352317
88b2c544d7fffff,88b2c544d7fffff,-33.604487703538645,-70.63084031084608
88b2c544d9fffff,88b2c544d9fffff,-33.59018551699361,-70.62327121925523
88b2c544dbfffff,88b2c544dbfffff,-33.595751617436974,-70.61758866422971
88b2c544ddfffff,88b2c544ddfffff,-33.59177039576119,-70.63273837687453
88b2c544e5fffff,88b2c544e5fffff,-33.599685048840556,-70.6800858192872
88b2c544e7fffff,88b2c544e7fffff,-33.605253905904696,-70.67440195871373
88b2c544e9fffff,88b2c544e9fffff,-33.59095223818053,-70.66682792082737
88b2c544edfffff,88b2c544edfffff,-33.592534059795604,-70.6762984029461
88b2c54561fffff,88b2c54561fffff,-33.57013298439151,-70.77672384552221
88b2c54569fffff,88b2c54569fffff,-33.562979638441114,-70.77293143378284
88b2c5456dfffff,88b2c5456dfffff,-33.56455368813051,-70.78240883481136
88b2c5458bfffff,88b2c5458bfffff,-33.617145498801726,-70.70660826306344
88b2c54595fffff,88b2c54595fffff,-33.62986230295882,-70.70471276502354
88b2c54599fffff,88b2c54599fffff,-33.62113386553641,-70.69145000584031
88b2c5459dfffff,88b2c5459dfffff,-33.62271427309562,-70.70092349831782
88b2c545b3fffff,88b2c545b3fffff,-33.644156284485184,-70.7122922672236
88b2c545bbfffff,88b2c545bbfffff,-33.63700964016145,-70.7085023546561
88b2c545c3fffff,88b2c545c3fffff,-33.60442603997317,-70.70850359299774
88b2c545c9fffff,88b2c545c9fffff,-33.591703926937775,-70.71039875484466
88b2c545cbfffff,88b2c545cbfffff,-33.59727562372588,-70.70471450082535
88b2c545d1fffff,88b2c545d1fffff,-33.60841613626147,-70.69334593365429
88b2c545d3fffff,88b2c545d3fffff,-33.613984951929794,-70.68766162072612
88b2c545d5fffff,88b2c545d5fffff,-33.60999627558942,-70.70281908362051
88b2c545d7fffff,88b2c545d7fffff,-33.61556555079031,-70.69713455453078
88b2c545d9fffff,88b2c545d9fffff,-33.60126602972781,-70.68955763568019
88b2c545dbfffff,88b2c545dbfffff,-33.60683534629158,-70.68387355854446
88b2c54601fffff,88b2c54601fffff,-33.5185754244779,-70.66305579270978
88b2c54603fffff,88b2c54603fffff,-33.52415166835983,-70.65737411263963
88b2c54605fffff,88b2c54605fffff,-33.52015673686787,-70.67252323109322
88b2c54607fffff,88b2c54607fffff,-33.52573344012079,-70.66684133406858
88b2c54609fffff,88b2c54609fffff,-33.51141671930003,-70.65927057410306
88b2c5460bfffff,88b2c5460bfffff,-33.51699346369212,-70.65358913000397
88b2c5460dfffff,88b2c5460dfffff,-33.51299822072987,-70.66873745386943
88b2c54611fffff,88b2c54611fffff,-33.528144072844995,-70.6422261857488
88b2c54613fffff,88b2c54613fffff,-33.53371793752532,-70.63654468581602
88b2c54615fffff,88b2c54615fffff,-33.52972695233526,-70.65169241377058
88b2c54617fffff,88b2c54617fffff,-33.535301276363946,-70.64601069621429
88b2c54619fffff,88b2c54619fffff,-33.52098617992813,-70.63844199811706
88b2c5461bfffff,88b2c5461bfffff,-33.52656054521926,-70.6327607344133
88b2c5461dfffff,88b2c5461dfffff,-33.52256924822054,-70.647907667182
88b2c54621fffff,88b2c54621fffff,-33.528895037607505,-70.68577810315381
88b2c54623fffff,88b2c54623fffff,-33.53447169974112,-70.68009575373974
88b2c54625fffff,88b2c54625fffff,-33.530474862883295,-70.69524764996616
88b2c54627fffff,88b2c54627fffff,-33.53605198443785,-70.68956508429162
88b2c54629fffff,88b2c54629fffff,-33.52173740063698,-70.68199144473255
88b2c5462bfffff,88b2c5462bfffff,-33.52731456327835,-70.67630933104725
88b2c5462dfffff,88b2c5462dfffff,-33.52331741556027,-70.6914604332058
88b2c54631fffff,88b2c54631fffff,-33.53846600878679,-70.66494504626542
88b2c54633fffff,88b2c54633fffff,-33.544040291573175,-70.65926287539222
88b2c54635fffff,88b2c54635fffff,-33.54004740192064,-70.67441338507524
88b2c54637fffff,88b2c54637fffff,-33.54562214410575,-70.66873099727204
88b2c54639fffff,88b2c54639fffff,-33.531309183464785,-70.66115941805735
88b2c5463bfffff,88b2c5463bfffff,-33.53688396685952,-70.65547748317123
88b2c5463dfffff,88b2c5463dfffff,-33.53289076600843,-70.67062719818765
88b2c54641fffff,88b2c54641fffff,-33.49867912015302,-70.66116686757975
88b2c54643fffff,88b2c54643fffff,-33.50425732480761,-70.6554856782402
88b2c54645fffff,88b2c54645fffff,-33.50026035108686,-70.67063340568617
88b2c54647fffff,88b2c54647fffff,-33.50583901508475,-70.66495199936769
88b2c54649fffff,88b2c54649fffff,-33.49151853615526,-70.65738205849742
88b2c5464bfffff,88b2c5464bfffff,-33.4970972412212,-70.65170110511289
88b2c5464dfffff,88b2c5464dfffff,-33.49309995575882,-70.66684803804922
88b2c54651fffff,88b2c54651fffff,-33.508251772100905,-70.64033914240797
88b2c54653fffff,88b2c54653fffff,-33.51382759783364,-70.6346581333108
88b2c54655fffff,88b2c54655fffff,-33.50983456968199,-70.64980447014213
88b2c54657fffff,88b2c54657fffff,-33.51541085473563,-70.64412324339723
88b2c54659fffff,88b2c54659fffff,-33.5010920005369,-70.63655536420595
88b2c5465bfffff,88b2c5465bfffff,-33.506668326782,-70.63087459132169
88b2c5465dfffff,88b2c5465dfffff,-33.50267498654994,-70.64602013304588
88b2c54661fffff,88b2c54661fffff,-33.509000450797146,-70.68388696773617
88b2c54663fffff,88b2c54663fffff,-33.51457907374645,-70.67820510901963
88b2c54665fffff,88b2c54665fffff,-33.510580195782495,-70.69335561413351
88b2c54667fffff,88b2c54667fffff,-33.51615927812478,-70.68767353913185
88b2c54669fffff,88b2c54669fffff,-33.501840933797745,-70.68010071901057
88b2c5466bfffff,88b2c5466bfffff,-33.50742005715627,-70.67441909600691
88b2c5466dfffff,88b2c5466dfffff,-33.5034208680607,-70.68956880713115
88b2c54681fffff,88b2c54681fffff,-33.55758897221114,-70.62328364135
88b2c54683fffff,88b2c54683fffff,-33.563158495907246,-70.61760183203242
88b2c54685fffff,88b2c54685fffff,-33.559173500144134,-70.6327495571109
88b2c54687fffff,88b2c54687fffff,-33.564743483192544,-70.62706752952519
88b2c54689fffff,88b2c54689fffff,-33.55043377150174,-70.61950007613656
88b2c5468bfffff,88b2c5468bfffff,-33.55600379600649,-70.61381850332188
88b2c5468dfffff,88b2c5468dfffff,-33.55201848836913,-70.62896543253865
88b2c54691fffff,88b2c54691fffff,-33.56714096454789,-70.6024553039801
88b2c54693fffff,88b2c54693fffff,-33.57270810850595,-70.5967736776763
88b2c54695fffff,88b2c54695fffff,-33.568727059418016,-70.61192000469755
88b2c54697fffff,88b2c54697fffff,-33.57429466270422,-70.60623815945709
88b2c54699fffff,88b2c54699fffff,-33.55998657680144,-70.59867277154605
88b2c5469bfffff,88b2c5469bfffff,-33.565554221667945,-70.59299138200267
88b2c5469dfffff,88b2c5469dfffff,-33.56157286036833,-70.60813691256584
88b2c546a1fffff,88b2c546a1fffff,-33.56791151210022,-70.64600125690572
88b2c546a3fffff,88b2c546a3fffff,-33.573481453713114,-70.64031877508427
88b2c546a5fffff,88b2c546a5fffff,-33.56949455327174,-70.65546928595111
88b2c546a7fffff,88b2c546a7fffff,-33.575064954287946,-70.6497865865547
88b2c546a9fffff,88b2c546a9fffff,-33.56075737958,-70.6422162501836
88b2c546abfffff,88b2c546abfffff,-33.56632782199869,-70.63653400462333
88b2c546adfffff,88b2c546adfffff,-33.56234061029332,-70.65168372014695
88b2c546b1fffff,88b2c546b1fffff,-33.57746582622314,-70.62516945843677
88b2c546b3fffff,88b2c546b3fffff,-33.58303338795019,-70.61948715803389
88b2c546b5fffff,88b2c546b5fffff,-33.57905043509253,-70.63463627479422
88b2c546b7fffff,88b2c546b7fffff,-33.58461845619911,-70.62895375614731
88b2c546bbfffff,88b2c546bbfffff,-33.57588056868516,-70.61570341985077
88b2c546c1fffff,88b2c546c1fffff,-33.53770639593719,-70.6213981521814
88b2c546c3fffff,88b2c546c3fffff,-33.543277881284176,-70.61571683387656
88b2c546c5fffff,88b2c546c5fffff,-33.53929084222145,-70.63086316749529
88b2c546c7fffff,88b2c546c7fffff,-33.5448627868935,-70.62518163089825
88b2c546c9fffff,88b2c546c9fffff,-33.530549315720236,-70.61761499637973
88b2c546cbfffff,88b2c546cbfffff,-33.536121301778465,-70.6119339145616
88b2c546cdfffff,88b2c546cdfffff,-33.53213395056894,-70.62707945239752
88b2c546d1fffff,88b2c546d1fffff,-33.5472623938002,-70.60057169733338
88b2c546d3fffff,88b2c546d3fffff,-33.55283149968465,-70.59489056214653
88b2c546d5fffff,88b2c546d5fffff,-33.54884840657022,-70.61003549759464
88b2c546d7fffff,88b2c546d7fffff,-33.55441797175578,-70.60435414344724
88b2c546d9fffff,88b2c546d9fffff,-33.54010612672157,-70.59678957421583
88b2c546dbfffff,88b2c546dbfffff,-33.545675733417376,-70.59110867577316
88b2c546ddfffff,88b2c546ddfffff,-33.54169232781832,-70.60625281484226
88b2c546e1fffff,88b2c546e1fffff,-33.54803065364056,-70.64411355722088
88b2c546e3fffff,88b2c546e3fffff,-33.55360255694693,-70.63843156638
88b2c546e5fffff,88b2c546e5fffff,-33.54961361432746,-70.65358068567971
88b2c546e7fffff,88b2c546e7fffff,-33.555185977009685,-70.64789847723962
88b2c546e9fffff,88b2c546e9fffff,-33.540874640405775,-70.64032896008244
88b2c546ebfffff,88b2c546ebfffff,-33.546447044420795,-70.63464720548669
88b2c546edfffff,88b2c546edfffff,-33.542457790264784,-70.64979552952184
88b2c54719fffff,88b2c54719fffff,-33.532054038880894,-70.70471797106201
88b2c5471bfffff,88b2c5471bfffff,-33.53763161987373,-70.69903518942112
88b2c54725fffff,88b2c54725fffff,-33.541515447445434,-70.76155613391032
88b2c54727fffff,88b2c54727fffff,-33.54709578542825,-70.75587206265398
88b2c54729fffff,88b2c54729fffff,-33.53278386675224,-70.74829061189871
88b2c5472bfffff,88b2c5472bfffff,-33.538364245596014,-70.74260698982548
88b2c5473dfffff,88b2c5473dfffff,-33.54394366451396,-70.73692334726258
88b2c54741fffff,88b2c54741fffff,-33.50973411613786,-70.72744889913078
88b2c54743fffff,88b2c54743fffff,-33.515315536557594,-70.72176619711121
88b2c54745fffff,88b2c54745fffff,-33.511310804790384,-70.73692085489682
88b2c54749fffff,88b2c54749fffff,-33.502574857188506,-70.72366018285639
88b2c5474bfffff,88b2c5474bfffff,-33.508156777914095,-70.71797771604831
88b2c5474dfffff,88b2c5474dfffff,-33.504151735963994,-70.73313158096578
88b2c54751fffff,88b2c54751fffff,-33.519317740067315,-70.70661272255383
88b2c54753fffff,88b2c54753fffff,-33.524896781412885,-70.70093019609081
88b2c54755fffff,88b2c54755fffff,-33.520895997182,-70.71608347501876
88b2c54759fffff,88b2c54759fffff,-33.512159291887485,-70.70282503477678
88b2c5475bfffff,88b2c5475bfffff,-33.51773883364001,-70.69714274378401
88b2c5475dfffff,88b2c5475dfffff,-33.5137377388874,-70.71229522924357
88b2c54761fffff,88b2c54761fffff,-33.52004503134477,-70.7501837368893
88b2c54765fffff,88b2c54765fffff,-33.521620229451486,-70.75965779412915
88b2c54767fffff,88b2c54767fffff,-33.52720252802365,-70.75397421337051
88b2c54769fffff,88b2c54769fffff,-33.51288684364729,-70.7463935829232
88b2c5476bfffff,88b2c5476bfffff,-33.518469183010694,-70.7407104513573
88b2c5476dfffff,88b2c5476dfffff,-33.514462232484235,-70.75586708278648
88b2c55031fffff,88b2c55031fffff,-33.3819964844306,-70.82403772862126
88b2c55091fffff,88b2c55091fffff,-33.41087123034847,-70.76153323902533
88b2c55093fffff,88b2c55093fffff,-33.416465245233965,-70.75585215102504
88b2c55097fffff,88b2c55097fffff,-33.418038937308665,-70.76532269209748
88b2c550b3fffff,88b2c550b3fffff,-33.42677880911855,-70.77858433551408
88b2c550d1fffff,88b2c550d1fffff,-33.390937777008745,-70.7596358974924
88b2c550d3fffff,88b2c550d3fffff,-33.396533750245396,-70.7539552994752
88b2c550d5fffff,88b2c550d5fffff,-33.39251092838025,-70.76910575247933
88b2c550d7fffff,88b2c550d7fffff,-33.39810736097543,-70.76342494075605
88b2c550d9fffff,88b2c550d9fffff,-33.38376750471393,-70.75584717638321
88b2c550ddfffff,88b2c550ddfffff,-33.38534084483251,-70.76531647470696
88b2c551e1fffff,88b2c551e1fffff,-33.40260476190505,-70.86952949495425
88b2c55283fffff,88b2c55283fffff,-33.35665362987866,-70.75016258477939
88b2c5528bfffff,88b2c5528bfffff,-33.34948010706253,-70.74637491754817
88b2c55291fffff,88b2c55291fffff,-33.360678007624195,-70.73501608869395
88b2c55293fffff,88b2c55293fffff,-33.36627551978575,-70.72933664374581
88b2c55295fffff,88b2c55295fffff,-33.36225256008464,-70.74448294590287
88b2c55297fffff,88b2c55297fffff,-33.367850531528866,-70.73880328652854
88b2c55299fffff,88b2c55299fffff,-33.35350479647464,-70.7312292130042
88b2c5529bfffff,88b2c5529bfffff,-33.35910280812916,-70.7255500028988
88b2c5529dfffff,88b2c5529dfffff,-33.35507953670193,-70.74069551333191
88b2c552b3fffff,88b2c552b3fffff,-33.376596544313315,-70.75205877742053
88b2c552b7fffff,88b2c552b7fffff,-33.378170072985995,-70.76152751905873
88b2c552b9fffff,88b2c552b9fffff,-33.363826465286465,-70.75395057410287
88b2c552bbfffff,88b2c552bbfffff,-33.36942489602936,-70.74827070059642
88b2c552d7fffff,88b2c552d7fffff,-33.347905826104046,-70.73690840287554
88b2c55401fffff,88b2c55401fffff,-33.42936492679788,-70.67632571244722
88b2c55403fffff,88b2c55403fffff,-33.43495138974797,-70.67064581579736
88b2c55405fffff,88b2c55405fffff,-33.43094434349735,-70.68579075867738
88b2c55407fffff,88b2c55407fffff,-33.436531265728455,-70.68011064564398
88b2c55409fffff,88b2c55409fffff,-33.422197900078274,-70.67254110173482
88b2c5540bfffff,88b2c5540bfffff,-33.427784863036784,-70.66686144073411
88b2c55411fffff,88b2c55411fffff,-33.43895591109434,-70.6555020619281
88b2c55413fffff,88b2c55413fffff,-33.444539996110024,-70.64982234434589
88b2c55415fffff,88b2c55415fffff,-33.44053689338169,-70.66496590009952
88b2c55417fffff,88b2c55417fffff,-33.44612143765738,-70.65928596546519
88b2c55419fffff,88b2c55419fffff,-33.43178969687766,-70.6517184809572
88b2c5541bfffff,88b2c5541bfffff,-33.437374282004214,-70.64603899928198
88b2c5541dfffff,88b2c5541dfffff,-33.43337086672272,-70.66118176076137
88b2c55421fffff,88b2c55421fffff,-33.43968907565606,-70.69904262808295
88b2c55423fffff,88b2c55423fffff,-33.445275957177756,-70.6933620635528
88b2c55425fffff,88b2c55425fffff,-33.441267009153755,-70.70850977983164
88b2c55427fffff,88b2c55427fffff,-33.446854350005125,-70.70282899961157
88b2c55429fffff,88b2c55429fffff,-33.4325231129104,-70.69525657900303
88b2c5542bfffff,88b2c5542bfffff,-33.438110494439414,-70.68957624987975
88b2c5542dfffff,88b2c5542dfffff,-33.43410123481239,-70.70472317300235
88b2c55431fffff,88b2c55431fffff,-33.44928237949509,-70.67821553347532
88b2c55433fffff,88b2c55433fffff,-33.454866882938234,-70.6725351464173
88b2c55435fffff,88b2c55435fffff,-33.4508618793356,-70.6876814795234
88b2c55437fffff,88b2c55437fffff,-33.4564468420878,-70.68200087610641
88b2c55439fffff,88b2c55439fffff,-33.442117228641294,-70.67443051337503
88b2c5543bfffff,88b2c5543bfffff,-33.447702232194054,-70.66875036198208
88b2c5543dfffff,88b2c5543dfffff,-33.44369691664825,-70.68389590133332
88b2c55441fffff,88b2c55441fffff,-33.409441763666656,-70.67443621981266
88b2c55443fffff,88b2c55443fffff,-33.415030185791494,-70.66875681349865
88b2c55445fffff,88b2c55445fffff,-33.4110210965112,-70.68390036637408
88b2c55447fffff,88b2c55447fffff,-33.41660997788907,-70.678220743652
88b2c55449fffff,88b2c55449fffff,-33.40227286212815,-70.67065201841129
88b2c5544bfffff,88b2c5544bfffff,-33.40786178415959,-70.66497284773048
88b2c5544dfffff,88b2c5544dfffff,-33.40385238239711,-70.68011560700756
88b2c55451fffff,88b2c55451fffff,-33.419036750752035,-70.65361444968545
88b2c55453fffff,88b2c55453fffff,-33.42462279522914,-70.64793522254423
88b2c55455fffff,88b2c55455fffff,-33.42061764872956,-70.66307738817707
88b2c55457fffff,88b2c55457fffff,-33.426204152438885,-70.65739794395942
88b2c5545bfffff,88b2c5545bfffff,-33.41745520637067,-70.64415228668094
88b2c5545dfffff,88b2c5545dfffff,-33.41344974704823,-70.65929365811802
88b2c55461fffff,88b2c55461fffff,-33.41976762124794,-70.69715092659132
88b2c55463fffff,88b2c55463fffff,-33.42535646198982,-70.69147085236366
88b2c55465fffff,88b2c55465fffff,-33.42134547205989,-70.70661717853392
88b2c55467fffff,88b2c55467fffff,-33.426934772103195,-70.7009368885916
88b2c55469fffff,88b2c55469fffff,-33.412599782468476,-70.69336528699334
88b2c5546bfffff,88b2c5546bfffff,-33.41818912311613,-70.68768544815674
88b2c5546dfffff,88b2c5546dfffff,-33.41417782131386,-70.70283098124878
88b2c55481fffff,88b2c55481fffff,-33.46845002035108,-70.63656603979425
88b2c55483fffff,88b2c55483fffff,-33.47402976721627,-70.63088601215084
88b2c55485fffff,88b2c55485fffff,-33.47003265197436,-70.64602956740144
88b2c55487fffff,88b2c55487fffff,-33.4756128581054,-70.64034932206188
88b2c55489fffff,88b2c55489fffff,-33.461286494607464,-70.6327830802208
88b2c5548bfffff,88b2c5548bfffff,-33.466866741786106,-70.62710328875808
88b2c5548dfffff,88b2c5548dfffff,-33.462869313921544,-70.64224604905893
88b2c55491fffff,88b2c55491fffff,-33.47802435741697,-70.61574365137035
88b2c55493fffff,88b2c55493fffff,-33.483601725787786,-70.61006380566845
88b2c55495fffff,88b2c55495fffff,-33.47960855447625,-70.62520596624027
88b2c55497fffff,88b2c55497fffff,-33.48518638209035,-70.61952590217409
88b2c55499fffff,88b2c55499fffff,-33.47086164489056,-70.6119617233421
88b2c5549bfffff,88b2c5549bfffff,-33.47643951367636,-70.60628211407833
88b2c5549dfffff,88b2c5549dfffff,-33.472446029402875,-70.6214234791041
88b2c554a1fffff,88b2c554a1fffff,-33.47877709820986,-70.65927827079379
88b2c554a3fffff,88b2c554a3fffff,-33.484357263312305,-70.65359757211242
88b2c554a5fffff,88b2c554a5fffff,-33.48035824697489,-70.66874390877256
88b2c554a7fffff,88b2c554a7fffff,-33.485938871392875,-70.66306299308783
88b2c554a9fffff,88b2c554a9fffff,-33.47161463643072,-70.65549387115887
88b2c554abfffff,88b2c554abfffff,-33.477195301844986,-70.6498134084165
88b2c554adfffff,88b2c554adfffff,-33.473195973495045,-70.66495895064548
88b2c554b1fffff,88b2c554b1fffff,-33.48835375380254,-70.63845242711692
88b2c554b3fffff,88b2c554b3fffff,-33.493931540264235,-70.63277190878287
88b2c554b5fffff,88b2c554b5fffff,-33.48993646876146,-70.64791685471293
88b2c554b7fffff,88b2c554b7fffff,-33.495514714516524,-70.64223611870689
88b2c554b9fffff,88b2c554b9fffff,-33.48119210462878,-70.63466905826768
88b2c554bbfffff,88b2c554bbfffff,-33.48677039150372,-70.62898877613043
88b2c554bdfffff,88b2c554bdfffff,-33.482775007649224,-70.644132927032
88b2c554c1fffff,88b2c554c1fffff,-33.44854057415463,-70.63467998035846
88b2c554c3fffff,88b2c554c3fffff,-33.45412228109585,-70.62900044333327
88b2c554c5fffff,88b2c554c5fffff,-33.450123121728296,-70.64414260812626
88b2c554c7fffff,88b2c554c7fffff,-33.45570528790784,-70.6384628533807
88b2c554c9fffff,88b2c554c9fffff,-33.44137517288347,-70.63089742998393
88b2c554cbfffff,88b2c554cbfffff,-33.446957380037716,-70.62521812912328
88b2c554cdfffff,88b2c554cdfffff,-33.442957907777,-70.64035949904522
88b2c554d1fffff,88b2c554d1fffff,-33.45811891600312,-70.6138594730603
88b2c554d3fffff,88b2c554d3fffff,-33.46369824473233,-70.60818011808097
88b2c554d5fffff,88b2c554d5fffff,-33.45970302855955,-70.62332088808111
88b2c554d7fffff,88b2c554d7fffff,-33.46528281650472,-70.61764131471354
88b2c554d9fffff,88b2c554d9fffff,-33.45095432811949,-70.61007795413596
88b2c554dbfffff,88b2c554dbfffff,-33.45653415716362,-70.60439883557856
88b2c554ddfffff,88b2c554ddfffff,-33.45253862775795,-70.61953881011158
88b2c554e1fffff,88b2c554e1fffff,-33.4588693610531,-70.65739000227042
88b2c554e3fffff,88b2c554e3fffff,-33.46445148627658,-70.6517097941748
88b2c554e5fffff,88b2c554e5fffff,-33.46045042693614,-70.66685474027084
88b2c554e7fffff,88b2c554e7fffff,-33.46603301144738,-70.6611743151475
88b2c554e9fffff,88b2c554e9fffff,-33.4517050225335,-70.65360601200597
88b2c554ebfffff,88b2c554ebfffff,-33.457287647968656,-70.64792603983335
88b2c554edfffff,88b2c554edfffff,-33.453286276345146,-70.6630701915767
88b2c55501fffff,88b2c55501fffff,-33.440407242819234,-70.74259727729148
88b2c55503fffff,88b2c55503fffff,-33.44599692108807,-70.73691587212758
88b2c55505fffff,88b2c55505fffff,-33.44198212379888,-70.75206773332347
88b2c55507fffff,88b2c55507fffff,-33.447572261465325,-70.74638611383396
88b2c55509fffff,88b2c55509fffff,-33.43324153503413,-70.73880876307894
88b2c5550bfffff,88b2c5550bfffff,-33.438831713206476,-70.73312759282048
88b2c5550dfffff,88b2c5550dfffff,-33.43481660526431,-70.74827866198206
88b2c55511fffff,88b2c55511fffff,-33.45000919165499,-70.72176519155857
88b2c55513fffff,88b2c55513fffff,-33.45559649184677,-70.71608396077833
88b2c55515fffff,88b2c55515fffff,-33.45158564002852,-70.73123444660192
88b2c55517fffff,88b2c55517fffff,-33.45717339959837,-70.72555300082614
88b2c55519fffff,88b2c55519fffff,-33.44284429470795,-70.71797770470364
88b2c5551bfffff,88b2c5551bfffff,-33.44843209490571,-70.71229670908761
88b2c5551dfffff,88b2c5551dfffff,-33.4444209320942,-70.7274464022765
88b2c55521fffff,88b2c55521fffff,-33.450720995473205,-70.76532891111988
88b2c55523fffff,88b2c55523fffff,-33.45631109265152,-70.75964684293716
88b2c55525fffff,88b2c55525fffff,-33.452294388655716,-70.7748014658524
88b2c55527fffff,88b2c55527fffff,-33.45788494527941,-70.76911918403972
88b2c55529fffff,88b2c55529fffff,-33.443556355921295,-70.7615389604932
88b2c5552bfffff,88b2c5552bfffff,-33.44914695300174,-70.7558571269725
88b2c5552dfffff,88b2c5552dfffff,-33.44512993896246,-70.7710109583772
88b2c55531fffff,88b2c55531fffff,-33.46032526912676,-70.74449339783037
88b2c55533fffff,88b2c55533fffff,-33.46591298808679,-70.73881150243218
88b2c55535fffff,88b2c55535fffff,-33.46190023045498,-70.75396475394066
88b2c55537fffff,88b2c55537fffff,-33.46748840884132,-70.7482826442421
88b2c55539fffff,88b2c55539fffff,-33.453161439801946,-70.74070447379488
88b2c5553bfffff,88b2c5553bfffff,-33.45874965876648,-70.7350228133178
88b2c5553dfffff,88b2c5553dfffff,-33.454736590751004,-70.75017527271436
88b2c55541fffff,88b2c55541fffff,-33.42048350108618,-70.74070148619009
88b2c55543fffff,88b2c55543fffff,-33.42607513833159,-70.73502057118831
88b2c55545fffff,88b2c55545fffff,-33.422058301005265,-70.75017104229282
88b2c55547fffff,88b2c55547fffff,-33.42765039761953,-70.74448991294025
88b2c55549fffff,88b2c55549fffff,-33.413315915885995,-70.73691338172357
88b2c5554bfffff,88b2c5554bfffff,-33.41890805293326,-70.73123270161159
88b2c5554dfffff,88b2c5554dfffff,-33.41489090468506,-70.74638238075933
88b2c55551fffff,88b2c55551fffff,-33.43008944952207,-70.71987128076483
88b2c55553fffff,88b2c55553fffff,-33.4356787089787,-70.71419054025326
88b2c55555fffff,88b2c55555fffff,-33.43166581637863,-70.72933963586557
88b2c55557fffff,88b2c55557fffff,-33.43725553518488,-70.72365868033349
88b2c55559fffff,88b2c55559fffff,-33.42292267532744,-70.71608420356252
88b2c5555bfffff,88b2c5555bfffff,-33.428512434688784,-70.71040369819937
88b2c5555dfffff,88b2c5555dfffff,-33.424499230826115,-70.7255520012548
88b2c55561fffff,88b2c55561fffff,-33.4307989706463,-70.76343091020725
88b2c55563fffff,88b2c55563fffff,-33.43639102684501,-70.75774933215177
88b2c55565fffff,88b2c55565fffff,-33.43237228393702,-70.77290256487562
88b2c55567fffff,88b2c55567fffff,-33.437964799552184,-70.7672207731648
88b2c55569fffff,88b2c55569fffff,-33.42363245246634,-70.75964136949665
88b2c5556bfffff,88b2c5556bfffff,-33.42922500846582,-70.75396002608763
88b2c5556dfffff,88b2c5556dfffff,-33.42520595524543,-70.76911246737826
88b2c55581fffff,88b2c55581fffff,-33.479514843332666,-70.70282701745431
88b2c55583fffff,88b2c55583fffff,-33.485097805421404,-70.69714547210229
88b2c55585fffff,88b2c55585fffff,-33.48109294006309,-70.71229596926268
88b2c55587fffff,88b2c55587fffff,-33.48667636153795,-70.70661420827035
88b2c55589fffff,88b2c55589fffff,-33.47235263578874,-70.69904014917972
88b2c5558bfffff,88b2c5558bfffff,-33.47793609808591,-70.69335883926627
88b2c5558dfffff,88b2c5558dfffff,-33.47393092166442,-70.70850854311433
88b2c55591fffff,88b2c55591fffff,-33.48910014390632,-70.68199616103824
88b2c55593fffff,88b2c55593fffff,-33.494680727347095,-70.67631479294691
88b2c55595fffff,88b2c55595fffff,-33.490679807889286,-70.6914639071699
88b2c55597fffff,88b2c55597fffff,-33.496260850695094,-70.68578232276879
88b2c55599fffff,88b2c55599fffff,-33.481938747915095,-70.67821032193137
88b2c5559bfffff,88b2c5559bfffff,-33.48751983166588,-70.67252918953697
88b2c5559dfffff,88b2c5559dfffff,-33.48351860080554,-70.6876775098486
88b2c555a1fffff,88b2c555a1fffff,-33.489831527374555,-70.72555400065986
88b2c555a3fffff,88b2c555a3fffff,-33.495414908045895,-70.71987178912563
88b2c555a5fffff,88b2c555a5fffff,-33.49140813664558,-70.73502505603582
88b2c555a7fffff,88b2c555a7fffff,-33.49699197675189,-70.72934262955613
88b2c555a9fffff,88b2c555a9fffff,-33.482670388052625,-70.72176569426891
88b2c555abfffff,88b2c555abfffff,-33.48825426893053,-70.71608371793042
88b2c555b3fffff,88b2c555b3fffff,-33.5050001536509,-70.69903766962585
88b2c555b5fffff,88b2c555b5fffff,-33.50099732904933,-70.71418955755927
88b2c555b7fffff,88b2c555b7fffff,-33.50657879034358,-70.70850730607242
88b2c555bdfffff,88b2c555bdfffff,-33.49383719018375,-70.71040172163598
88b2c555c1fffff,88b2c555c1fffff,-33.45960481715716,-70.7009346583434
88b2c555c3fffff,88b2c555c3fffff,-33.465189739127155,-70.69525360343846
88b2c555c5fffff,88b2c555c5fffff,-33.46118283262752,-70.71040271004736
88b2c555c7fffff,88b2c555c7fffff,-33.466768213955405,-70.70472143947728
88b2c555c9fffff,88b2c555c9fffff,-33.45244073149083,-70.69714819970463
88b2c555cbfffff,88b2c555cbfffff,-33.458026153569016,-70.6914673802224
88b2c555cdfffff,88b2c555cdfffff,-33.45401893573609,-70.706615693597
88b2c555d1fffff,88b2c555d1fffff,-33.469194119336244,-70.68010568297848
88b2c555d3fffff,88b2c555d3fffff,-33.474776662942304,-70.67442480543997
88b2c555d5fffff,88b2c555d5fffff,-33.47077370160446,-70.68957252899374
88b2c555d7fffff,88b2c555d7fffff,-33.47635670454755,-70.68389143512084
88b2c555d9fffff,88b2c555d9fffff,-33.46203084539274,-70.67632025341338
88b2c555dbfffff,88b2c555dbfffff,-33.467613889208934,-70.67063961155586
88b2c555ddfffff,88b2c555ddfffff,-33.463610616198025,-70.6857865412765
88b2c555e1fffff,88b2c555e1fffff,-33.469923218410855,-70.72365943149636
88b2c555e3fffff,88b2c555e3fffff,-33.47550855900686,-70.71797771037524
88b2c555e5fffff,88b2c555e5fffff,-33.47149974758905,-70.73312958663143
88b2c555e7fffff,88b2c555e7fffff,-33.477085547591585,-70.72744765053982
88b2c555e9fffff,88b2c555e9fffff,-33.46276019975555,-70.71987153491189
88b2c555ebfffff,88b2c555ebfffff,-33.468346040458165,-70.71419004897072
88b2c555edfffff,88b2c555edfffff,-33.46433691831678,-70.72934113251443
88b2c55601fffff,88b2c55601fffff,-33.37918130862548,-70.64984020917336
88b2c55603fffff,88b2c55603fffff,-33.38477127102508,-70.6441619626971
88b2c55605fffff,88b2c55605fffff,-33.380762035838956,-70.65930134875312
88b2c55607fffff,88b2c55607fffff,-33.38635245741517,-70.65362288515176
88b2c55609fffff,88b2c55609fffff,-33.37200947360267,-70.64605785562182
88b2c5560bfffff,88b2c5560bfffff,-33.37759993580678,-70.6403798450044
88b2c5560dfffff,88b2c5560dfffff,-33.37359038725964,-70.65551843702164
88b2c55611fffff,88b2c55611fffff,-33.38877798327992,-70.6290237685589
88b2c55613fffff,88b2c55613fffff,-33.39436556846471,-70.62334570295366
88b2c55615fffff,88b2c55615fffff,-33.39036027441615,-70.63848369770426
88b2c55617fffff,88b2c55617fffff,-33.39594831875657,-70.63280541430632
88b2c55619fffff,88b2c55619fffff,-33.38160696170482,-70.62524244531969
88b2c5561bfffff,88b2c5561bfffff,-33.38719504679738,-70.61956461583065
88b2c5561dfffff,88b2c5561dfffff,-33.3831894390466,-70.6347018159463
88b2c55621fffff,88b2c55621fffff,-33.389512892530284,-70.67254705549017
88b2c55623fffff,88b2c55623fffff,-33.395103273495764,-70.66686813943971
88b2c55625fffff,88b2c55625fffff,-33.391092140805576,-70.68201030253205
88b2c55627fffff,88b2c55627fffff,-33.39668298099603,-70.676331170049
88b2c55629fffff,88b2c55629fffff,-33.382342117222294,-70.66876326332294
88b2c5562bfffff,88b2c5562bfffff,-33.387932997991875,-70.66308458288974
88b2c5562dfffff,88b2c5562dfffff,-33.38392155255062,-70.67822595246197
88b2c55631fffff,88b2c55631fffff,-33.399111882451635,-70.65172716546101
88b2c55633fffff,88b2c55633fffff,-33.40469988605737,-70.64604842868845
88b2c55635fffff,88b2c55635fffff,-33.40069269540469,-70.66118920442207
88b2c55637fffff,88b2c55637fffff,-33.40628115821486,-70.65551025054876
88b2c55639fffff,88b2c55639fffff,-33.39194191998089,-70.64794440284653
88b2c5563bfffff,88b2c5563bfffff,-33.39753042349392,-70.64226590194889
88b2c5563dfffff,88b2c5563dfffff,-33.393522919749095,-70.65740588356525
88b2c55643fffff,88b2c55643fffff,-33.36483695256953,-70.64227582448885
88b2c55647fffff,88b2c55647fffff,-33.366418052476625,-70.65173584768706
88b2c55653fffff,88b2c55653fffff,-33.374435254253896,-70.6214614445804
88b2c55655fffff,88b2c55655fffff,-33.3704279145487,-70.63659804976021
88b2c55657fffff,88b2c55657fffff,-33.376017917607875,-70.63092025666668
88b2c5565dfffff,88b2c5565dfffff,-33.36325520747367,-70.63281657695619
88b2c55661fffff,88b2c55661fffff,-33.36957831582463,-70.67065821939832
88b2c55663fffff,88b2c55663fffff,-33.37517065529461,-70.66497979353912
88b2c55665fffff,88b2c55665fffff,-33.37115747881586,-70.68012056706975
88b2c55667fffff,88b2c55667fffff,-33.376750277482756,-70.67444192475345
88b2c55669fffff,88b2c55669fffff,-33.36240566779903,-70.66687483638836
88b2c5566dfffff,88b2c5566dfffff,-33.36398501747167,-70.67633662621925
88b2c55681fffff,88b2c55681fffff,-33.4182909047735,-70.61009209889252
88b2c55683fffff,88b2c55683fffff,-33.42387415323329,-70.60441372514084
88b2c55685fffff,88b2c55685fffff,-33.4198748461795,-70.61955171466333
88b2c55687fffff,88b2c55687fffff,-33.42545855380063,-70.61387312247555
88b2c55689fffff,88b2c55689fffff,-33.41112256930904,-70.60631139794536
88b2c5568bfffff,88b2c5568bfffff,-33.41670631788169,-70.60063326058318
88b2c55691fffff,88b2c55691fffff,-33.42787093721526,-70.58927693298851
88b2c55693fffff,88b2c55693fffff,-33.43345180789388,-70.5835987429789
88b2c55695fffff,88b2c55695fffff,-33.429456442392485,-70.59873533365284
88b2c55697fffff,88b2c55697fffff,-33.43503777220992,-70.59305692453991
88b2c55699fffff,88b2c55699fffff,-33.420703415918766,-70.58549726415383
88b2c5569bfffff,88b2c5569bfffff,-33.426284786812595,-70.57981931079065
88b2c5569dfffff,88b2c5569dfffff,-33.42228910719749,-70.59495510556043
88b2c556a3fffff,88b2c556a3fffff,-33.434209084315995,-70.62711520224877
88b2c556a5fffff,88b2c556a5fffff,-33.430207880437784,-70.64225597680591
88b2c556a7fffff,88b2c556a7fffff,-33.435792006336385,-70.63657671258198
88b2c556abfffff,88b2c556abfffff,-33.42704230867405,-70.62333329714468
88b2c556adfffff,88b2c556adfffff,-33.42304079163257,-70.63847327690947
88b2c556b1fffff,88b2c556b1fffff,-33.43820776431583,-70.61197562226145
88b2c556b3fffff,88b2c556b3fffff,-33.44378905307534,-70.6062967579322
88b2c556b5fffff,88b2c556b5fffff,-33.43979179165465,-70.62143613758258
88b2c556b7fffff,88b2c556b7fffff,-33.44537353960284,-70.61575705484114
88b2c556b9fffff,88b2c556b9fffff,-33.43104130211868,-70.60819451236415
88b2c556bbfffff,88b2c556bbfffff,-33.43662309109242,-70.6025158844406
88b2c556bdfffff,88b2c556bdfffff,-33.43262551616833,-70.61765446870278
88b2c556c3fffff,88b2c556c3fffff,-33.40395354762952,-70.60253101962566
88b2c556c5fffff,88b2c556c5fffff,-33.399952194559,-70.61766761924203
88b2c556d1fffff,88b2c556d1fffff,-33.40795237821074,-70.5873956174282
88b2c556d3fffff,88b2c556d3fffff,-33.41353520854255,-70.58171791802745
88b2c556d7fffff,88b2c556d7fffff,-33.41512108572952,-70.59117520015504
88b2c556d9fffff,88b2c556d9fffff,-33.40078298486349,-70.58361635737148
88b2c556dbfffff,88b2c556dbfffff,-33.40636631530885,-70.57793889460089
88b2c556ddfffff,88b2c556ddfffff,-33.402368588668516,-70.5930732994312
88b2c556e1fffff,88b2c556e1fffff,-33.40870455319367,-70.63090884482216
88b2c556e5fffff,88b2c556e5fffff,-33.41028693052429,-70.64036967335905
88b2c556e7fffff,88b2c556e7fffff,-33.4158730158105,-70.6346908995843
88b2c556e9fffff,88b2c556e9fffff,-33.40153540400429,-70.62712711261472
88b2c556ebfffff,88b2c556ebfffff,-33.407121530117486,-70.6214487927409
88b2c556edfffff,88b2c556edfffff,-33.40311796791216,-70.63658738257027
88b2c55707fffff,88b2c55707fffff,-33.397402666782305,-70.71987102668447
88b2c55711fffff,88b2c55711fffff,-33.39984045635828,-70.69525955378695
88b2c55713fffff,88b2c55713fffff,-33.405431255986834,-70.68957996978959
88b2c55715fffff,88b2c55715fffff,-33.40141822377092,-70.7047249060726
88b2c55717fffff,88b2c55717fffff,-33.40700948267262,-70.6990451063358
88b2c55719fffff,88b2c55719fffff,-33.392670742593026,-70.69147432359406
88b2c5571bfffff,88b2c5571bfffff,-33.39826204202511,-70.68579497497188
88b2c5571dfffff,88b2c5571dfffff,-33.394248697667976,-70.70093911825468
88b2c55721fffff,88b2c55721fffff,-33.400554046353186,-70.73880602444449
88b2c55723fffff,88b2c55723fffff,-33.40614764224088,-70.7331255995327
88b2c55725fffff,88b2c55725fffff,-33.40212876449919,-70.74827468076697
88b2c55727fffff,88b2c55727fffff,-33.40772281972704,-70.74259404147922
88b2c5572bfffff,88b2c5572bfffff,-33.39897868037282,-70.72933813960942
88b2c55731fffff,88b2c55731fffff,-33.41016399443415,-70.71797769903353
88b2c55733fffff,88b2c55733fffff,-33.415755212822745,-70.7122974487184
88b2c55735fffff,88b2c55735fffff,-33.41174027906095,-70.72744515434073
88b2c55737fffff,88b2c55737fffff,-33.417331956770674,-70.72176468898014
88b2c55739fffff,88b2c55739fffff,-33.40299534403852,-70.7141910314069
88b2c5573bfffff,88b2c5573bfffff,-33.4085870622299,-70.70851101622446
88b2c5573dfffff,88b2c5573dfffff,-33.40457181693662,-70.72365792936772
88b2c55741fffff,88b2c55741fffff,-33.37029595511615,-70.71419152243166
88b2c55745fffff,88b2c55745fffff,-33.37187207314317,-70.72365717859894
88b2c55749fffff,88b2c55749fffff,-33.363123555468206,-70.7104056737258
88b2c5574bfffff,88b2c5574bfffff,-33.36871919031106,-70.70472663868821
88b2c5574dfffff,88b2c5574dfffff,-33.36469986102412,-70.7198707726708
88b2c55751fffff,88b2c55751fffff,-33.379907583419495,-70.69336850958834
88b2c55753fffff,88b2c55753fffff,-33.38550034159921,-70.68768941574899
88b2c55757fffff,88b2c55757fffff,-33.38707848414336,-70.69715365276264
88b2c55759fffff,88b2c55759fffff,-33.37273599571891,-70.68958368872363
88b2c5575bfffff,88b2c5575bfffff,-33.37832925359928,-70.6839048302436
88b2c5575dfffff,88b2c5575dfffff,-33.37431386630916,-70.69904758393855
88b2c55769fffff,88b2c55769fffff,-33.37344754416783,-70.73312360676786
88b2c5576bfffff,88b2c5576bfffff,-33.37904359795815,-70.72744390673236
88b2c5576dfffff,88b2c5576dfffff,-33.37502236796591,-70.74259080651593
88b2c57045fffff,88b2c57045fffff,-33.61721068753824,-70.55132004279517
88b2c57049fffff,88b2c57049fffff,-33.608469744584625,-70.53807826255043
88b2c5704dfffff,88b2c5704dfffff,-33.610060809483386,-70.54753964393501
88b2c57065fffff,88b2c57065fffff,-33.627539307382044,-70.57402811412358
88b2c5706dfffff,88b2c5706dfffff,-33.62039049687378,-70.57024627082608
88b2c57141fffff,88b2c57141fffff,-33.62674233419347,-70.60810808998622
88b2c57145fffff,88b2c57145fffff,-33.62832867109023,-70.6175754929702
88b2c57149fffff,88b2c57149fffff,-33.61959359061598,-70.60432432914061
88b2c5714bfffff,88b2c5714bfffff,-33.625155348097564,-70.59864146585926
88b2c5714dfffff,88b2c5714dfffff,-33.621180117318005,-70.6137911722383
88b2c57159fffff,88b2c57159fffff,-33.629128050551856,-70.58349295952962
88b2c5715dfffff,88b2c5715dfffff,-33.630716144992945,-70.59295858492712
88b2c57169fffff,88b2c57169fffff,-33.629914358562104,-70.62704367439026
88b2c57221fffff,88b2c57221fffff,-33.595758984752806,-70.53997981611211
88b2c5722dfffff,88b2c5722dfffff,-33.590198020307696,-70.54566086795069
88b2c57231fffff,88b2c57231fffff,-33.60528567278672,-70.51915784596956
88b2c57235fffff,88b2c57235fffff,-33.60687803227691,-70.52861766308901
88b2c57265fffff,88b2c57265fffff,-33.57748314693432,-70.54756199937589
88b2c57267fffff,88b2c57267fffff,-33.58304557290619,-70.54188120151493
88b2c57301fffff,88b2c57301fffff,-33.596555472822274,-70.5835106016724
88b2c57303fffff,88b2c57303fffff,-33.60211827440115,-70.57782866857889
88b2c57307fffff,88b2c57307fffff,-33.603706477065494,-70.58729283294217
88b2c57309fffff,88b2c57309fffff,-33.58940377866128,-70.57972869357313
88b2c5730bfffff,88b2c5730bfffff,-33.59496708134415,-70.5740469975137
88b2c5730dfffff,88b2c5730dfffff,-33.59099171082448,-70.58919251741864
88b2c57311fffff,88b2c57311fffff,-33.606090805425204,-70.56268355402726
88b2c57313fffff,88b2c57313fffff,-33.611651226746794,-70.55700180682358
88b2c57315fffff,88b2c57315fffff,-33.60768011552267,-70.5721467182498
88b2c57317fffff,88b2c57317fffff,-33.61324099614854,-70.5664647507968
88b2c57319fffff,88b2c57319fffff,-33.59893992492287,-70.55890268050894
88b2c5731bfffff,88b2c5731bfffff,-33.604500847447284,-70.55322117059646
88b2c5731dfffff,88b2c5731dfffff,-33.600529423611576,-70.56836528429453
88b2c57323fffff,88b2c57323fffff,-33.61244415627141,-70.60054089146945
88b2c57327fffff,88b2c57327fffff,-33.61403087258652,-70.61000717465939
88b2c5732bfffff,88b2c5732bfffff,-33.60529403137862,-70.59675777696432
88b2c57331fffff,88b2c57331fffff,-33.61641859046229,-70.58539298031855
88b2c57333fffff,88b2c57333fffff,-33.62197942921176,-70.57971055585887
88b2c57335fffff,88b2c57335fffff,-33.61800641492212,-70.59485826502717
88b2c57337fffff,88b2c57337fffff,-33.623567713028365,-70.58917562100999
88b2c57339fffff,88b2c57339fffff,-33.609268777513556,-70.58161066284433
88b2c5733bfffff,88b2c5733bfffff,-33.614830117462404,-70.57592847543506
88b2c5733dfffff,88b2c5733dfffff,-33.6108567911718,-70.59107538739094
88b2c57341fffff,88b2c57341fffff,-33.576686630707066,-70.581628550436
88b2c57343fffff,88b2c57343fffff,-33.58225139480185,-70.57594710863596
88b2c57345fffff,88b2c57345fffff,-33.57827429220347,-70.59109203376609
88b2c57347fffff,88b2c57347fffff,-33.58383951560151,-70.58541037236115
88b2c57349fffff,88b2c57349fffff,-33.56953305636068,-70.57784705163466
88b2c5734bfffff,88b2c5734bfffff,-33.575098321463386,-70.57216584685236
88b2c5734dfffff,88b2c5734dfffff,-33.571120906316146,-70.58730997492877
88b2c57351fffff,88b2c57351fffff,-33.58622597075198,-70.56080338604004
88b2c57353fffff,88b2c57353fffff,-33.5917883548607,-70.55512213023329
88b2c57355fffff,88b2c57355fffff,-33.58781519856177,-70.57026564964033
88b2c57357fffff,88b2c57357fffff,-33.593378041948256,-70.56458417356076
88b2c57359fffff,88b2c57359fffff,-33.57907321024215,-70.55702292172377
88b2c5735bfffff,88b2c5735bfffff,-33.584636095458045,-70.55134190319181
88b2c5735dfffff,88b2c5735dfffff,-33.58066262627338,-70.56648462495028
88b2c57361fffff,88b2c57361fffff,-33.58701381311054,-70.60433923825019
88b2c57363fffff,88b2c57363fffff,-33.592578994825395,-70.59865712075678
88b2c57365fffff,88b2c57365fffff,-33.58859998936819,-70.6138048395735
88b2c57369fffff,88b2c57369fffff,-33.57986130572666,-70.60055629642265
88b2c5736bfffff,88b2c5736bfffff,-33.58542698844637,-70.59487441570595
88b2c5736dfffff,88b2c5736dfffff,-33.58144767105081,-70.61002133798543
88b2c57a41fffff,88b2c57a41fffff,-33.637833046653306,-70.67439624328271
88b2c57a43fffff,88b2c57a43fffff,-33.643397519188305,-70.66871161730748
88b2c57a45fffff,88b2c57a45fffff,-33.63941483284019,-70.68386908646646
88b2c57a4dfffff,88b2c57a4dfffff,-33.632267613507025,-70.68008085010446
88b2c57a55fffff,88b2c57a55fffff,-33.64896103107326,-70.66302697229062
88b2c57a69fffff,88b2c57a69fffff,-33.64099596802447,-70.69334270513312
88b2c57b01fffff,88b2c57b01fffff,-33.668748612328585,-70.74261995177685
88b2c5cd33fffff,88b2c5cd33fffff,-33.3263805732499,-70.72554900411393
88b2c5cd85fffff,88b2c5cd85fffff,-33.341602236087404,-70.69905006089147
88b2c5cd8dfffff,88b2c5cd8dfffff,-33.334427090224985,-70.6952655010141
88b2c5cd91fffff,88b2c5cd91fffff,-33.349638035992484,-70.66876971145562
88b2c5cd95fffff,88b2c5cd95fffff,-33.351217112984344,-70.67823115990574
88b2c5cd97fffff,88b2c5cd97fffff,-33.356811869789546,-70.67255300768396
88b2c5cda1fffff,88b2c5cda1fffff,-33.35035337576486,-70.71229892739797
88b2c5cda5fffff,88b2c5cda5fffff,-33.35192940942088,-70.72176368421881
88b2c5cda7fffff,88b2c5cda7fffff,-33.357526961823716,-70.71608468893982
88b2c5cda9fffff,88b2c5cda9fffff,-33.34317910307053,-70.70851348803718
88b2c5cdb1fffff,88b2c5cdb1fffff,-33.35996900487093,-70.69147779391392
88b2c5cdb3fffff,88b2c5cdb3fffff,-33.3655637212643,-70.6857991901604
88b2c5cdb5fffff,88b2c5cdb5fffff,-33.36154660334235,-70.70094134733289
88b2c5cdb7fffff,88b2c5cdb7fffff,-33.36714177895228,-70.69526252779055
88b2c5cdbbfffff,88b2c5cdbbfffff,-33.35839076027846,-70.68201501389049
88b2c5cde1fffff,88b2c5cde1fffff,-33.33040509321612,-70.71040666110036
88b2c5cde7fffff,88b2c5cde7fffff,-33.337580551741226,-70.71419201332765
88b2c5cde9fffff,88b2c5cde9fffff,-33.32322894853191,-70.70662163100783
88b2c5cdebfffff,88b2c5cdebfffff,-33.32882849866816,-70.70094357582646
88b2c57223fffff,88b2c57223fffff,-33.601318988755224,-70.53429874778766
88b2c50a21fffff,88b2c50a21fffff,-33.4565731200581,-70.52684096855725
88b2c546bdfffff,88b2c546bdfffff,-33.57189730422622,-70.63085174067048
88b2c5086bfffff,88b2c5086bfffff,-33.48522656346363,-70.54195046779594
88b2c51845fffff,88b2c51845fffff,-33.33863807014445,-70.52504116787856
88b2c5185dfffff,88b2c5185dfffff,-33.34104315751054,-70.50046879125743
88b2c51b17fffff,88b2c51b17fffff,-33.334639709796406,-70.54016640696173
88b2c51855fffff,88b2c51855fffff,-33.34821844729338,-70.50424243415428
88b2c51b03fffff,88b2c51b03fffff,-33.323462091137436,-70.55151658007445
88b2c51b13fffff,88b2c51b13fffff,-33.333051157871324,-70.53071605841005
88b2c5191bfffff,88b2c5191bfffff,-33.376096440653434,-70.55337232166187
88b2c51b05fffff,88b2c51b05fffff,-33.31945837631771,-70.56664343062361
88b2c5420dfffff,88b2c5420dfffff,-33.44582392214871,-70.8145895260448
88b2c5449dfffff,88b2c5449dfffff,-33.611637760601994,-70.63462534123228
88b2c54713fffff,88b2c54713fffff,-33.54478768631157,-70.70282305157878
88b2c54711fffff,88b2c54711fffff,-33.53921060582397,-70.70850606870577
88b2c5470bfffff,88b2c5470bfffff,-33.52805356500714,-70.71987204340611
88b2c54757fffff,88b2c54757fffff,-33.52647549797006,-70.71040073296513
88b2c550cbfffff,88b2c550cbfffff,-33.37974295376003,-70.77099703100737
88b2c552bdfffff,88b2c552bdfffff,-33.36539972300564,-70.7634189728711
88b2c5cde5fffff,88b2c5cde5fffff,-33.33198104178644,-70.71987051872371
88b2c552dbfffff,88b2c552dbfffff,-33.339156313332666,-70.72365642802713
88b2c556cdfffff,88b2c556cdfffff,-33.39278217284356,-70.61388676831103
88b2c54219fffff,88b2c54219fffff,-33.453867132325314,-70.78427479074631
88b2c54747fffff,88b2c54747fffff,-33.51689268467351,-70.73123793795683
88b2c57239fffff,88b2c57239fffff,-33.598134541257416,-70.51537945317628
88b2c5cda3fffff,88b2c5cda3fffff,-33.35595046893213,-70.70662014723919
88b2c5cd81fffff,88b2c5cd81fffff,-33.34002472315888,-70.68958740668226
